"status","deathDate"
"civilian",2015-12-31
"civilian",2015-12-30
"civilian",2015-12-29
"civilian",2015-12-29
"civilian",2015-12-29
"civilian",2015-12-29
"civilian",2015-12-28
"civilian",2015-12-27
"civilian",2015-12-27
"civilian",2015-12-26
"civilian",2015-12-25
"civilian",2015-12-25
"civilian",2015-12-25
"civilian",2015-12-25
"civilian",2015-12-24
"civilian",2015-12-24
"civilian",2015-12-24
"civilian",2015-12-24
"civilian",2015-12-23
"civilian",2015-12-22
"civilian",2015-12-22
"civilian",2015-12-22
"civilian",2015-12-22
"civilian",2015-12-21
"civilian",2015-12-21
"civilian",2015-12-21
"civilian",2015-12-21
"civilian",2015-12-21
"civilian",2015-12-21
"civilian",2015-12-21
"civilian",2015-12-21
"civilian",2015-12-20
"civilian",2015-12-20
"civilian",2015-12-20
"civilian",2015-12-19
"civilian",2015-12-19
"civilian",2015-12-19
"civilian",2015-12-18
"civilian",2015-12-18
"civilian",2015-12-18
"civilian",2015-12-18
"civilian",2015-12-17
"civilian",2015-12-17
"civilian",2015-12-16
"civilian",2015-12-15
"civilian",2015-12-15
"civilian",2015-12-14
"civilian",2015-12-14
"civilian",2015-12-14
"civilian",2015-12-14
"civilian",2015-12-14
"civilian",2015-12-14
"civilian",2015-12-14
"civilian",2015-12-14
"civilian",2015-12-13
"civilian",2015-12-13
"civilian",2015-12-12
"civilian",2015-12-12
"civilian",2015-12-12
"civilian",2015-12-12
"civilian",2015-12-12
"civilian",2015-12-12
"civilian",2015-12-12
"civilian",2015-12-12
"civilian",2015-12-11
"civilian",2015-12-10
"civilian",2015-12-10
"civilian",2015-12-10
"civilian",2015-12-10
"civilian",2015-12-09
"civilian",2015-12-09
"civilian",2015-12-09
"civilian",2015-12-09
"civilian",2015-12-09
"civilian",2015-12-08
"civilian",2015-12-08
"civilian",2015-12-07
"civilian",2015-12-06
"civilian",2015-12-06
"civilian",2015-12-06
"civilian",2015-12-06
"civilian",2015-12-05
"civilian",2015-12-05
"civilian",2015-12-05
"civilian",2015-12-05
"civilian",2015-12-05
"civilian",2015-12-04
"civilian",2015-12-04
"civilian",2015-12-03
"civilian",2015-12-03
"civilian",2015-12-02
"civilian",2015-12-02
"civilian",2015-12-02
"civilian",2015-12-02
"civilian",2015-12-02
"civilian",2015-12-02
"civilian",2015-12-01
"civilian",2015-12-01
"civilian",2015-11-30
"civilian",2015-11-30
"civilian",2015-11-29
"civilian",2015-11-29
"civilian",2015-11-29
"civilian",2015-11-29
"civilian",2015-11-29
"civilian",2015-11-28
"civilian",2015-11-27
"civilian",2015-11-25
"civilian",2015-11-25
"civilian",2015-11-25
"civilian",2015-11-25
"civilian",2015-11-25
"civilian",2015-11-24
"civilian",2015-11-24
"civilian",2015-11-24
"civilian",2015-11-23
"civilian",2015-11-23
"civilian",2015-11-22
"civilian",2015-11-22
"civilian",2015-11-22
"civilian",2015-11-21
"civilian",2015-11-20
"civilian",2015-11-20
"civilian",2015-11-20
"civilian",2015-11-19
"civilian",2015-11-19
"civilian",2015-11-19
"civilian",2015-11-19
"civilian",2015-11-19
"civilian",2015-11-18
"civilian",2015-11-18
"civilian",2015-11-18
"civilian",2015-11-17
"civilian",2015-11-17
"civilian",2015-11-17
"civilian",2015-11-17
"civilian",2015-11-17
"civilian",2015-11-17
"civilian",2015-11-17
"civilian",2015-11-16
"civilian",2015-11-15
"civilian",2015-11-15
"civilian",2015-11-15
"civilian",2015-11-15
"civilian",2015-11-14
"civilian",2015-11-14
"civilian",2015-11-13
"civilian",2015-11-13
"civilian",2015-11-13
"civilian",2015-11-12
"civilian",2015-11-12
"civilian",2015-11-11
"civilian",2015-11-11
"civilian",2015-11-11
"civilian",2015-11-11
"civilian",2015-11-11
"civilian",2015-11-10
"civilian",2015-11-10
"civilian",2015-11-10
"civilian",2015-11-09
"civilian",2015-11-09
"civilian",2015-11-09
"civilian",2015-11-09
"civilian",2015-11-09
"civilian",2015-11-09
"civilian",2015-11-09
"civilian",2015-11-06
"civilian",2015-11-06
"civilian",2015-11-06
"civilian",2015-11-06
"civilian",2015-11-05
"civilian",2015-11-05
"civilian",2015-11-05
"civilian",2015-11-05
"civilian",2015-11-04
"civilian",2015-11-04
"civilian",2015-11-04
"civilian",2015-11-04
"civilian",2015-11-03
"civilian",2015-11-02
"civilian",2015-11-02
"civilian",2015-11-01
"civilian",2015-11-01
"civilian",2015-11-01
"civilian",2015-11-01
"civilian",2015-11-01
"civilian",2015-10-31
"civilian",2015-10-31
"civilian",2015-10-30
"civilian",2015-10-30
"civilian",2015-10-30
"civilian",2015-10-30
"civilian",2015-10-30
"civilian",2015-10-29
"civilian",2015-10-29
"civilian",2015-10-29
"civilian",2015-10-29
"civilian",2015-10-28
"civilian",2015-10-28
"civilian",2015-10-28
"civilian",2015-10-28
"civilian",2015-10-27
"civilian",2015-10-26
"civilian",2015-10-26
"civilian",2015-10-26
"civilian",2015-10-26
"civilian",2015-10-25
"civilian",2015-10-24
"civilian",2015-10-24
"civilian",2015-10-24
"civilian",2015-10-24
"civilian",2015-10-24
"civilian",2015-10-24
"civilian",2015-10-24
"civilian",2015-10-23
"civilian",2015-10-23
"civilian",2015-10-22
"civilian",2015-10-22
"civilian",2015-10-22
"civilian",2015-10-21
"civilian",2015-10-21
"civilian",2015-10-21
"civilian",2015-10-21
"civilian",2015-10-20
"civilian",2015-10-20
"civilian",2015-10-20
"civilian",2015-10-20
"civilian",2015-10-20
"civilian",2015-10-20
"civilian",2015-10-20
"civilian",2015-10-18
"civilian",2015-10-18
"civilian",2015-10-18
"civilian",2015-10-18
"civilian",2015-10-17
"civilian",2015-10-17
"civilian",2015-10-17
"civilian",2015-10-17
"civilian",2015-10-17
"civilian",2015-10-16
"civilian",2015-10-16
"civilian",2015-10-16
"civilian",2015-10-16
"civilian",2015-10-15
"civilian",2015-10-15
"civilian",2015-10-15
"civilian",2015-10-15
"civilian",2015-10-15
"civilian",2015-10-15
"civilian",2015-10-15
"civilian",2015-10-15
"civilian",2015-10-15
"civilian",2015-10-14
"civilian",2015-10-14
"civilian",2015-10-14
"civilian",2015-10-14
"civilian",2015-10-14
"civilian",2015-10-12
"civilian",2015-10-11
"civilian",2015-10-11
"civilian",2015-10-11
"civilian",2015-10-11
"civilian",2015-10-11
"civilian",2015-10-11
"civilian",2015-10-10
"civilian",2015-10-10
"civilian",2015-10-10
"civilian",2015-10-10
"civilian",2015-10-09
"civilian",2015-10-09
"civilian",2015-10-09
"civilian",2015-10-07
"civilian",2015-10-06
"civilian",2015-10-05
"civilian",2015-10-05
"civilian",2015-10-04
"civilian",2015-10-04
"civilian",2015-10-03
"civilian",2015-10-03
"civilian",2015-10-02
"civilian",2015-10-02
"civilian",2015-10-02
"civilian",2015-10-02
"civilian",2015-09-30
"civilian",2015-09-30
"civilian",2015-09-29
"civilian",2015-09-29
"civilian",2015-09-28
"civilian",2015-09-28
"civilian",2015-09-28
"civilian",2015-09-27
"civilian",2015-09-27
"civilian",2015-09-27
"civilian",2015-09-26
"civilian",2015-09-26
"civilian",2015-09-26
"civilian",2015-09-26
"civilian",2015-09-25
"civilian",2015-09-25
"civilian",2015-09-25
"civilian",2015-09-25
"civilian",2015-09-24
"civilian",2015-09-24
"civilian",2015-09-24
"civilian",2015-09-24
"civilian",2015-09-23
"civilian",2015-09-23
"civilian",2015-09-23
"civilian",2015-09-23
"civilian",2015-09-23
"civilian",2015-09-22
"civilian",2015-09-22
"civilian",2015-09-22
"civilian",2015-09-22
"civilian",2015-09-22
"civilian",2015-09-21
"civilian",2015-09-21
"civilian",2015-09-21
"civilian",2015-09-21
"civilian",2015-09-21
"civilian",2015-09-21
"civilian",2015-09-20
"civilian",2015-09-20
"civilian",2015-09-20
"civilian",2015-09-19
"civilian",2015-09-19
"civilian",2015-09-18
"civilian",2015-09-18
"civilian",2015-09-18
"civilian",2015-09-17
"civilian",2015-09-17
"civilian",2015-09-16
"civilian",2015-09-16
"civilian",2015-09-16
"civilian",2015-09-16
"civilian",2015-09-16
"civilian",2015-09-15
"civilian",2015-09-15
"civilian",2015-09-15
"civilian",2015-09-14
"civilian",2015-09-14
"civilian",2015-09-13
"civilian",2015-09-13
"civilian",2015-09-13
"civilian",2015-09-13
"civilian",2015-09-12
"civilian",2015-09-12
"civilian",2015-09-11
"civilian",2015-09-11
"civilian",2015-09-11
"civilian",2015-09-10
"civilian",2015-09-10
"civilian",2015-09-10
"civilian",2015-09-10
"civilian",2015-09-10
"civilian",2015-09-09
"civilian",2015-09-09
"civilian",2015-09-09
"civilian",2015-09-09
"civilian",2015-09-08
"civilian",2015-09-08
"civilian",2015-09-07
"civilian",2015-09-07
"civilian",2015-09-07
"civilian",2015-09-07
"civilian",2015-09-06
"civilian",2015-09-06
"civilian",2015-09-06
"civilian",2015-09-06
"civilian",2015-09-06
"civilian",2015-09-05
"civilian",2015-09-05
"civilian",2015-09-05
"civilian",2015-09-05
"civilian",2015-09-05
"civilian",2015-09-04
"civilian",2015-09-04
"civilian",2015-09-04
"civilian",2015-09-04
"civilian",2015-09-04
"civilian",2015-09-03
"civilian",2015-09-02
"civilian",2015-09-01
"civilian",2015-09-01
"civilian",2015-09-01
"civilian",2015-09-01
"civilian",2015-09-01
"civilian",2015-08-31
"civilian",2015-08-31
"civilian",2015-08-31
"civilian",2015-08-30
"civilian",2015-08-30
"civilian",2015-08-29
"civilian",2015-08-29
"civilian",2015-08-29
"civilian",2015-08-28
"civilian",2015-08-28
"civilian",2015-08-28
"civilian",2015-08-28
"civilian",2015-08-28
"civilian",2015-08-27
"civilian",2015-08-27
"civilian",2015-08-27
"civilian",2015-08-27
"civilian",2015-08-27
"civilian",2015-08-26
"civilian",2015-08-26
"civilian",2015-08-26
"civilian",2015-08-25
"civilian",2015-08-25
"civilian",2015-08-25
"civilian",2015-08-25
"civilian",2015-08-25
"civilian",2015-08-23
"civilian",2015-08-23
"civilian",2015-08-23
"civilian",2015-08-23
"civilian",2015-08-23
"civilian",2015-08-22
"civilian",2015-08-22
"civilian",2015-08-22
"civilian",2015-08-22
"civilian",2015-08-22
"civilian",2015-08-22
"civilian",2015-08-21
"civilian",2015-08-21
"civilian",2015-08-21
"civilian",2015-08-21
"civilian",2015-08-20
"civilian",2015-08-20
"civilian",2015-08-20
"civilian",2015-08-19
"civilian",2015-08-19
"civilian",2015-08-19
"civilian",2015-08-19
"civilian",2015-08-17
"civilian",2015-08-17
"civilian",2015-08-16
"civilian",2015-08-16
"civilian",2015-08-16
"civilian",2015-08-15
"civilian",2015-08-15
"civilian",2015-08-15
"civilian",2015-08-15
"civilian",2015-08-14
"civilian",2015-08-14
"civilian",2015-08-14
"civilian",2015-08-14
"civilian",2015-08-13
"civilian",2015-08-12
"civilian",2015-08-12
"civilian",2015-08-12
"civilian",2015-08-12
"civilian",2015-08-12
"civilian",2015-08-11
"civilian",2015-08-11
"civilian",2015-08-11
"civilian",2015-08-10
"civilian",2015-08-10
"civilian",2015-08-09
"civilian",2015-08-09
"civilian",2015-08-09
"civilian",2015-08-08
"civilian",2015-08-08
"civilian",2015-08-08
"civilian",2015-08-08
"civilian",2015-08-08
"civilian",2015-08-07
"civilian",2015-08-07
"civilian",2015-08-07
"civilian",2015-08-07
"civilian",2015-08-07
"civilian",2015-08-07
"civilian",2015-08-06
"civilian",2015-08-06
"civilian",2015-08-06
"civilian",2015-08-05
"civilian",2015-08-05
"civilian",2015-08-05
"civilian",2015-08-05
"civilian",2015-08-05
"civilian",2015-08-05
"civilian",2015-08-04
"civilian",2015-08-03
"civilian",2015-08-03
"civilian",2015-08-03
"civilian",2015-08-03
"civilian",2015-08-03
"civilian",2015-08-02
"civilian",2015-08-01
"civilian",2015-08-01
"civilian",2015-08-01
"civilian",2015-07-31
"civilian",2015-07-31
"civilian",2015-07-31
"civilian",2015-07-31
"civilian",2015-07-30
"civilian",2015-07-30
"civilian",2015-07-30
"civilian",2015-07-29
"civilian",2015-07-29
"civilian",2015-07-29
"civilian",2015-07-28
"civilian",2015-07-28
"civilian",2015-07-28
"civilian",2015-07-27
"civilian",2015-07-27
"civilian",2015-07-27
"civilian",2015-07-26
"civilian",2015-07-26
"civilian",2015-07-25
"civilian",2015-07-25
"civilian",2015-07-25
"civilian",2015-07-25
"civilian",2015-07-24
"civilian",2015-07-24
"civilian",2015-07-23
"civilian",2015-07-23
"civilian",2015-07-23
"civilian",2015-07-23
"civilian",2015-07-23
"civilian",2015-07-23
"civilian",2015-07-22
"civilian",2015-07-22
"civilian",2015-07-22
"civilian",2015-07-22
"civilian",2015-07-22
"civilian",2015-07-21
"civilian",2015-07-21
"civilian",2015-07-21
"civilian",2015-07-20
"civilian",2015-07-20
"civilian",2015-07-20
"civilian",2015-07-20
"civilian",2015-07-20
"civilian",2015-07-20
"civilian",2015-07-19
"civilian",2015-07-18
"civilian",2015-07-18
"civilian",2015-07-18
"civilian",2015-07-18
"civilian",2015-07-18
"civilian",2015-07-17
"civilian",2015-07-17
"civilian",2015-07-17
"civilian",2015-07-17
"civilian",2015-07-17
"civilian",2015-07-16
"civilian",2015-07-16
"civilian",2015-07-16
"civilian",2015-07-16
"civilian",2015-07-16
"civilian",2015-07-16
"civilian",2015-07-16
"civilian",2015-07-15
"civilian",2015-07-15
"civilian",2015-07-14
"civilian",2015-07-14
"civilian",2015-07-13
"civilian",2015-07-13
"civilian",2015-07-13
"civilian",2015-07-13
"civilian",2015-07-13
"civilian",2015-07-12
"civilian",2015-07-12
"civilian",2015-07-12
"civilian",2015-07-12
"civilian",2015-07-12
"civilian",2015-07-12
"civilian",2015-07-11
"civilian",2015-07-11
"civilian",2015-07-10
"civilian",2015-07-10
"civilian",2015-07-10
"civilian",2015-07-09
"civilian",2015-07-09
"civilian",2015-07-09
"civilian",2015-07-09
"civilian",2015-07-09
"civilian",2015-07-09
"civilian",2015-07-08
"civilian",2015-07-08
"civilian",2015-07-08
"civilian",2015-07-07
"civilian",2015-07-07
"civilian",2015-07-07
"civilian",2015-07-07
"civilian",2015-07-07
"civilian",2015-07-07
"civilian",2015-07-07
"civilian",2015-07-06
"civilian",2015-07-06
"civilian",2015-07-06
"civilian",2015-07-06
"civilian",2015-07-06
"civilian",2015-07-06
"civilian",2015-07-06
"civilian",2015-07-05
"civilian",2015-07-05
"civilian",2015-07-05
"civilian",2015-07-05
"civilian",2015-07-05
"civilian",2015-07-04
"civilian",2015-07-04
"civilian",2015-07-04
"civilian",2015-07-04
"civilian",2015-07-04
"civilian",2015-07-03
"civilian",2015-07-03
"civilian",2015-07-03
"civilian",2015-07-03
"civilian",2015-07-02
"civilian",2015-07-02
"civilian",2015-07-02
"civilian",2015-07-02
"civilian",2015-07-02
"civilian",2015-07-01
"civilian",2015-07-01
"civilian",2015-07-01
"civilian",2015-06-30
"civilian",2015-06-29
"civilian",2015-06-28
"civilian",2015-06-28
"civilian",2015-06-27
"civilian",2015-06-26
"civilian",2015-06-26
"civilian",2015-06-25
"civilian",2015-06-25
"civilian",2015-06-24
"civilian",2015-06-23
"civilian",2015-06-23
"civilian",2015-06-23
"civilian",2015-06-23
"civilian",2015-06-22
"civilian",2015-06-22
"civilian",2015-06-22
"civilian",2015-06-22
"civilian",2015-06-21
"civilian",2015-06-21
"civilian",2015-06-21
"civilian",2015-06-20
"civilian",2015-06-20
"civilian",2015-06-20
"civilian",2015-06-19
"civilian",2015-06-19
"civilian",2015-06-19
"civilian",2015-06-18
"civilian",2015-06-17
"civilian",2015-06-17
"civilian",2015-06-17
"civilian",2015-06-16
"civilian",2015-06-16
"civilian",2015-06-16
"civilian",2015-06-15
"civilian",2015-06-14
"civilian",2015-06-14
"civilian",2015-06-13
"civilian",2015-06-13
"civilian",2015-06-13
"civilian",2015-06-13
"civilian",2015-06-13
"civilian",2015-06-13
"civilian",2015-06-12
"civilian",2015-06-12
"civilian",2015-06-11
"civilian",2015-06-11
"civilian",2015-06-11
"civilian",2015-06-11
"civilian",2015-06-11
"civilian",2015-06-10
"civilian",2015-06-09
"civilian",2015-06-09
"civilian",2015-06-09
"civilian",2015-06-09
"civilian",2015-06-09
"civilian",2015-06-08
"civilian",2015-06-08
"civilian",2015-06-08
"civilian",2015-06-08
"civilian",2015-06-08
"civilian",2015-06-07
"civilian",2015-06-07
"civilian",2015-06-06
"civilian",2015-06-06
"civilian",2015-06-06
"civilian",2015-06-06
"civilian",2015-06-06
"civilian",2015-06-06
"civilian",2015-06-05
"civilian",2015-06-05
"civilian",2015-06-05
"civilian",2015-06-04
"civilian",2015-06-04
"civilian",2015-06-04
"civilian",2015-06-03
"civilian",2015-06-03
"civilian",2015-06-03
"civilian",2015-06-02
"civilian",2015-06-02
"civilian",2015-06-02
"civilian",2015-06-01
"civilian",2015-06-01
"civilian",2015-05-31
"civilian",2015-05-31
"civilian",2015-05-30
"civilian",2015-05-30
"civilian",2015-05-30
"civilian",2015-05-30
"civilian",2015-05-29
"civilian",2015-05-29
"civilian",2015-05-29
"civilian",2015-05-28
"civilian",2015-05-28
"civilian",2015-05-28
"civilian",2015-05-28
"civilian",2015-05-28
"civilian",2015-05-28
"civilian",2015-05-27
"civilian",2015-05-27
"civilian",2015-05-27
"civilian",2015-05-27
"civilian",2015-05-26
"civilian",2015-05-26
"civilian",2015-05-26
"civilian",2015-05-25
"civilian",2015-05-25
"civilian",2015-05-24
"civilian",2015-05-23
"civilian",2015-05-23
"civilian",2015-05-22
"civilian",2015-05-21
"civilian",2015-05-21
"civilian",2015-05-21
"civilian",2015-05-21
"civilian",2015-05-21
"civilian",2015-05-21
"civilian",2015-05-21
"civilian",2015-05-21
"civilian",2015-05-21
"civilian",2015-05-20
"civilian",2015-05-20
"civilian",2015-05-20
"civilian",2015-05-19
"civilian",2015-05-19
"civilian",2015-05-19
"civilian",2015-05-19
"civilian",2015-05-17
"civilian",2015-05-17
"civilian",2015-05-17
"civilian",2015-05-17
"civilian",2015-05-16
"civilian",2015-05-15
"civilian",2015-05-15
"civilian",2015-05-14
"civilian",2015-05-13
"civilian",2015-05-13
"civilian",2015-05-12
"civilian",2015-05-12
"civilian",2015-05-12
"civilian",2015-05-12
"civilian",2015-05-11
"civilian",2015-05-11
"civilian",2015-05-11
"civilian",2015-05-11
"civilian",2015-05-11
"civilian",2015-05-11
"civilian",2015-05-09
"civilian",2015-05-08
"civilian",2015-05-08
"civilian",2015-05-07
"civilian",2015-05-07
"civilian",2015-05-07
"civilian",2015-05-07
"civilian",2015-05-07
"civilian",2015-05-06
"civilian",2015-05-06
"civilian",2015-05-06
"civilian",2015-05-05
"civilian",2015-05-05
"civilian",2015-05-05
"civilian",2015-05-04
"civilian",2015-05-04
"civilian",2015-05-04
"civilian",2015-05-03
"civilian",2015-05-03
"civilian",2015-05-03
"civilian",2015-05-03
"civilian",2015-05-03
"civilian",2015-05-02
"civilian",2015-04-30
"civilian",2015-04-30
"civilian",2015-04-29
"civilian",2015-04-29
"civilian",2015-04-29
"civilian",2015-04-29
"civilian",2015-04-29
"civilian",2015-04-29
"civilian",2015-04-28
"civilian",2015-04-28
"civilian",2015-04-28
"civilian",2015-04-28
"civilian",2015-04-27
"civilian",2015-04-26
"civilian",2015-04-26
"civilian",2015-04-26
"civilian",2015-04-26
"civilian",2015-04-25
"civilian",2015-04-25
"civilian",2015-04-24
"civilian",2015-04-24
"civilian",2015-04-24
"civilian",2015-04-24
"civilian",2015-04-24
"civilian",2015-04-23
"civilian",2015-04-23
"civilian",2015-04-23
"civilian",2015-04-23
"civilian",2015-04-23
"civilian",2015-04-23
"civilian",2015-04-23
"civilian",2015-04-22
"civilian",2015-04-22
"civilian",2015-04-22
"civilian",2015-04-22
"civilian",2015-04-22
"civilian",2015-04-22
"civilian",2015-04-21
"civilian",2015-04-21
"civilian",2015-04-21
"civilian",2015-04-21
"civilian",2015-04-21
"civilian",2015-04-20
"civilian",2015-04-20
"civilian",2015-04-19
"civilian",2015-04-19
"civilian",2015-04-19
"civilian",2015-04-19
"civilian",2015-04-18
"civilian",2015-04-18
"civilian",2015-04-18
"civilian",2015-04-18
"civilian",2015-04-17
"civilian",2015-04-17
"civilian",2015-04-17
"civilian",2015-04-16
"civilian",2015-04-16
"civilian",2015-04-16
"civilian",2015-04-16
"civilian",2015-04-15
"civilian",2015-04-15
"civilian",2015-04-15
"civilian",2015-04-15
"civilian",2015-04-15
"civilian",2015-04-15
"civilian",2015-04-15
"civilian",2015-04-15
"civilian",2015-04-14
"civilian",2015-04-14
"civilian",2015-04-13
"civilian",2015-04-13
"civilian",2015-04-13
"civilian",2015-04-12
"civilian",2015-04-12
"civilian",2015-04-11
"civilian",2015-04-10
"civilian",2015-04-10
"civilian",2015-04-09
"civilian",2015-04-09
"civilian",2015-04-09
"civilian",2015-04-09
"civilian",2015-04-08
"civilian",2015-04-08
"civilian",2015-04-08
"civilian",2015-04-08
"civilian",2015-04-08
"civilian",2015-04-07
"civilian",2015-04-07
"civilian",2015-04-06
"civilian",2015-04-06
"civilian",2015-04-06
"civilian",2015-04-06
"civilian",2015-04-06
"civilian",2015-04-05
"civilian",2015-04-04
"civilian",2015-04-04
"civilian",2015-04-04
"civilian",2015-04-04
"civilian",2015-04-04
"civilian",2015-04-03
"civilian",2015-04-03
"civilian",2015-04-02
"civilian",2015-04-02
"civilian",2015-04-02
"civilian",2015-04-02
"civilian",2015-04-01
"civilian",2015-03-31
"civilian",2015-03-31
"civilian",2015-03-31
"civilian",2015-03-31
"civilian",2015-03-31
"civilian",2015-03-30
"civilian",2015-03-30
"civilian",2015-03-30
"civilian",2015-03-30
"civilian",2015-03-29
"civilian",2015-03-29
"civilian",2015-03-29
"civilian",2015-03-29
"civilian",2015-03-27
"civilian",2015-03-27
"civilian",2015-03-27
"civilian",2015-03-27
"civilian",2015-03-27
"civilian",2015-03-27
"civilian",2015-03-27
"civilian",2015-03-26
"civilian",2015-03-26
"civilian",2015-03-26
"civilian",2015-03-25
"civilian",2015-03-25
"civilian",2015-03-24
"civilian",2015-03-24
"civilian",2015-03-24
"civilian",2015-03-24
"civilian",2015-03-24
"civilian",2015-03-23
"civilian",2015-03-22
"civilian",2015-03-22
"civilian",2015-03-22
"civilian",2015-03-22
"civilian",2015-03-22
"civilian",2015-03-21
"civilian",2015-03-21
"civilian",2015-03-21
"civilian",2015-03-21
"civilian",2015-03-21
"civilian",2015-03-21
"civilian",2015-03-20
"civilian",2015-03-20
"civilian",2015-03-20
"civilian",2015-03-20
"civilian",2015-03-19
"civilian",2015-03-19
"civilian",2015-03-19
"civilian",2015-03-19
"civilian",2015-03-19
"civilian",2015-03-19
"civilian",2015-03-18
"civilian",2015-03-18
"civilian",2015-03-18
"civilian",2015-03-18
"civilian",2015-03-18
"civilian",2015-03-17
"civilian",2015-03-17
"civilian",2015-03-17
"civilian",2015-03-17
"civilian",2015-03-17
"civilian",2015-03-17
"civilian",2015-03-17
"civilian",2015-03-16
"civilian",2015-03-16
"civilian",2015-03-16
"civilian",2015-03-16
"civilian",2015-03-15
"civilian",2015-03-15
"civilian",2015-03-14
"civilian",2015-03-14
"civilian",2015-03-13
"civilian",2015-03-13
"civilian",2015-03-13
"civilian",2015-03-13
"civilian",2015-03-13
"civilian",2015-03-12
"civilian",2015-03-12
"civilian",2015-03-12
"civilian",2015-03-11
"civilian",2015-03-11
"civilian",2015-03-11
"civilian",2015-03-11
"civilian",2015-03-11
"civilian",2015-03-11
"civilian",2015-03-11
"civilian",2015-03-10
"civilian",2015-03-10
"civilian",2015-03-10
"civilian",2015-03-10
"civilian",2015-03-10
"civilian",2015-03-09
"civilian",2015-03-09
"civilian",2015-03-09
"civilian",2015-03-09
"civilian",2015-03-09
"civilian",2015-03-08
"civilian",2015-03-08
"civilian",2015-03-08
"civilian",2015-03-07
"civilian",2015-03-06
"civilian",2015-03-06
"civilian",2015-03-06
"civilian",2015-03-06
"civilian",2015-03-06
"civilian",2015-03-06
"civilian",2015-03-05
"civilian",2015-03-05
"civilian",2015-03-05
"civilian",2015-03-04
"civilian",2015-03-04
"civilian",2015-03-03
"civilian",2015-03-03
"civilian",2015-03-02
"civilian",2015-03-01
"civilian",2015-03-01
"civilian",2015-03-01
"civilian",2015-03-01
"civilian",2015-03-01
"civilian",2015-03-01
"civilian",2015-02-28
"civilian",2015-02-28
"civilian",2015-02-28
"civilian",2015-02-28
"civilian",2015-02-28
"civilian",2015-02-28
"civilian",2015-02-27
"civilian",2015-02-26
"civilian",2015-02-26
"civilian",2015-02-26
"civilian",2015-02-26
"civilian",2015-02-25
"civilian",2015-02-25
"civilian",2015-02-25
"civilian",2015-02-25
"civilian",2015-02-24
"civilian",2015-02-23
"civilian",2015-02-23
"civilian",2015-02-23
"civilian",2015-02-23
"civilian",2015-02-23
"civilian",2015-02-22
"civilian",2015-02-22
"civilian",2015-02-22
"civilian",2015-02-21
"civilian",2015-02-21
"civilian",2015-02-20
"civilian",2015-02-20
"civilian",2015-02-20
"civilian",2015-02-20
"civilian",2015-02-20
"civilian",2015-02-20
"civilian",2015-02-19
"civilian",2015-02-18
"civilian",2015-02-17
"civilian",2015-02-17
"civilian",2015-02-17
"civilian",2015-02-17
"civilian",2015-02-16
"civilian",2015-02-16
"civilian",2015-02-15
"civilian",2015-02-15
"civilian",2015-02-15
"civilian",2015-02-15
"civilian",2015-02-14
"civilian",2015-02-14
"civilian",2015-02-13
"civilian",2015-02-13
"civilian",2015-02-13
"civilian",2015-02-13
"civilian",2015-02-13
"civilian",2015-02-11
"civilian",2015-02-11
"civilian",2015-02-11
"civilian",2015-02-10
"civilian",2015-02-10
"civilian",2015-02-10
"civilian",2015-02-10
"civilian",2015-02-09
"civilian",2015-02-09
"civilian",2015-02-09
"civilian",2015-02-09
"civilian",2015-02-09
"civilian",2015-02-08
"civilian",2015-02-08
"civilian",2015-02-08
"civilian",2015-02-08
"civilian",2015-02-07
"civilian",2015-02-07
"civilian",2015-02-06
"civilian",2015-02-05
"civilian",2015-02-04
"civilian",2015-02-04
"civilian",2015-02-04
"civilian",2015-02-04
"civilian",2015-02-04
"civilian",2015-02-04
"civilian",2015-02-04
"civilian",2015-02-04
"civilian",NA
"civilian",2015-02-03
"civilian",2015-02-03
"civilian",2015-02-03
"civilian",2015-02-03
"civilian",2015-02-02
"civilian",2015-02-02
"civilian",2015-02-02
"civilian",2015-02-01
"civilian",2015-01-31
"civilian",2015-01-30
"civilian",2015-01-29
"civilian",2015-01-29
"civilian",2015-01-29
"civilian",2015-01-28
"civilian",2015-01-28
"civilian",2015-01-28
"civilian",2015-01-27
"civilian",2015-01-27
"civilian",2015-01-27
"civilian",2015-01-27
"civilian",2015-01-26
"civilian",2015-01-26
"civilian",2015-01-26
"civilian",2015-01-26
"civilian",2015-01-26
"civilian",2015-01-26
"civilian",2015-01-26
"civilian",2015-01-25
"civilian",2015-01-25
"civilian",2015-01-24
"civilian",2015-01-24
"civilian",2015-01-23
"civilian",2015-01-23
"civilian",2015-01-23
"civilian",2015-01-22
"civilian",2015-01-22
"civilian",2015-01-21
"civilian",2015-01-21
"civilian",2015-01-21
"civilian",2015-01-21
"civilian",2015-01-21
"civilian",2015-01-21
"civilian",2015-01-19
"civilian",2015-01-18
"civilian",2015-01-18
"civilian",2015-01-17
"civilian",2015-01-17
"civilian",2015-01-17
"civilian",2015-01-16
"civilian",2015-01-16
"civilian",2015-01-16
"civilian",2015-01-16
"civilian",2015-01-16
"civilian",2015-01-16
"civilian",2015-01-15
"civilian",2015-01-15
"civilian",2015-01-15
"civilian",2015-01-15
"civilian",2015-01-15
"civilian",2015-01-15
"civilian",2015-01-15
"civilian",2015-01-15
"civilian",2015-01-14
"civilian",2015-01-14
"civilian",2015-01-14
"civilian",2015-01-14
"civilian",2015-01-14
"civilian",2015-01-14
"civilian",2015-01-13
"civilian",2015-01-13
"civilian",2015-01-11
"civilian",2015-01-11
"civilian",2015-01-11
"civilian",2015-01-09
"civilian",2015-01-09
"civilian",2015-01-08
"civilian",2015-01-08
"civilian",2015-01-08
"civilian",2015-01-07
"civilian",2015-01-07
"civilian",2015-01-07
"civilian",2015-01-07
"civilian",2015-01-07
"civilian",2015-01-07
"civilian",2015-01-06
"civilian",2015-01-06
"civilian",2015-01-06
"civilian",2015-01-06
"civilian",2015-01-06
"civilian",2015-01-05
"civilian",2015-01-04
"civilian",2015-01-04
"civilian",2015-01-04
"civilian",2015-01-04
"civilian",2015-01-03
"civilian",2015-01-02
"civilian",2015-01-02
"civilian",2015-01-01
"civilian",2015-01-01
"civilian",2015-01-01
"civilian",2014-12-31
"civilian",2014-12-31
"civilian",2014-12-31
"civilian",2014-12-31
"civilian",2014-12-31
"civilian",2014-12-31
"civilian",2014-12-31
"civilian",2014-12-30
"civilian",2014-12-30
"civilian",2014-12-30
"civilian",2014-12-30
"civilian",2014-12-29
"civilian",2014-12-29
"civilian",2014-12-28
"civilian",2014-12-28
"civilian",2014-12-28
"civilian",2014-12-28
"civilian",2014-12-28
"civilian",2014-12-27
"civilian",2014-12-26
"civilian",2014-12-26
"civilian",2014-12-26
"civilian",2014-12-25
"civilian",2014-12-25
"civilian",2014-12-25
"civilian",2014-12-24
"civilian",2014-12-24
"civilian",2014-12-24
"civilian",2014-12-24
"civilian",2014-12-23
"civilian",2014-12-23
"civilian",2014-12-22
"civilian",2014-12-22
"civilian",2014-12-22
"civilian",2014-12-22
"civilian",2014-12-21
"civilian",2014-12-21
"civilian",2014-12-21
"civilian",2014-12-21
"civilian",2014-12-20
"civilian",2014-12-19
"civilian",2014-12-19
"civilian",2014-12-19
"civilian",2014-12-18
"civilian",2014-12-18
"civilian",2014-12-17
"civilian",2014-12-17
"civilian",2014-12-17
"civilian",2014-12-17
"civilian",2014-12-17
"civilian",2014-12-17
"civilian",2014-12-17
"civilian",2014-12-17
"civilian",2014-12-16
"civilian",2014-12-15
"civilian",2014-12-15
"civilian",2014-12-15
"civilian",2014-12-15
"civilian",2014-12-14
"civilian",2014-12-14
"civilian",2014-12-14
"civilian",2014-12-14
"civilian",2014-12-13
"civilian",2014-12-13
"civilian",2014-12-13
"civilian",2014-12-13
"civilian",2014-12-12
"civilian",2014-12-11
"civilian",2014-12-11
"civilian",2014-12-10
"civilian",2014-12-10
"civilian",2014-12-10
"civilian",2014-12-09
"civilian",2014-12-09
"civilian",2014-12-09
"civilian",2014-12-08
"civilian",2014-12-08
"civilian",2014-12-07
"civilian",2014-12-07
"civilian",2014-12-07
"civilian",2014-12-07
"civilian",2014-12-07
"civilian",2014-12-07
"civilian",2014-12-05
"civilian",2014-12-05
"civilian",2014-12-05
"civilian",2014-12-05
"civilian",2014-12-04
"civilian",2014-12-04
"civilian",2014-12-04
"civilian",2014-12-04
"civilian",2014-12-03
"civilian",2014-12-03
"civilian",2014-12-02
"civilian",2014-12-02
"civilian",2014-12-02
"civilian",2014-12-01
"civilian",2014-12-01
"civilian",2014-12-01
"civilian",2014-12-01
"civilian",2014-11-30
"civilian",2014-11-30
"civilian",2014-11-28
"civilian",2014-11-28
"civilian",2014-11-28
"civilian",2014-11-28
"civilian",2014-11-27
"civilian",2014-11-26
"civilian",2014-11-26
"civilian",2014-11-26
"civilian",2014-11-25
"civilian",2014-11-25
"civilian",2014-11-25
"civilian",2014-11-25
"civilian",2014-11-24
"civilian",2014-11-24
"civilian",2014-11-23
"civilian",2014-11-23
"civilian",2014-11-23
"civilian",2014-11-22
"civilian",2014-11-22
"civilian",2014-11-22
"civilian",2014-11-22
"civilian",2014-11-22
"civilian",2014-11-22
"civilian",2014-11-21
"civilian",2014-11-20
"civilian",2014-11-20
"civilian",2014-11-20
"civilian",2014-11-20
"civilian",2014-11-19
"civilian",2014-11-19
"civilian",2014-11-18
"civilian",2014-11-18
"civilian",2014-11-18
"civilian",2014-11-17
"civilian",2014-11-17
"civilian",2014-11-17
"civilian",2014-11-17
"civilian",2014-11-17
"civilian",2014-11-16
"civilian",2014-11-16
"civilian",2014-11-16
"civilian",2014-11-16
"civilian",2014-11-16
"civilian",2014-11-16
"civilian",2014-11-16
"civilian",2014-11-15
"civilian",2014-11-14
"civilian",2014-11-14
"civilian",2014-11-14
"civilian",2014-11-14
"civilian",2014-11-13
"civilian",2014-11-13
"civilian",2014-11-13
"civilian",2014-11-13
"civilian",2014-11-13
"civilian",2014-11-13
"civilian",2014-11-12
"civilian",2014-11-11
"civilian",2014-11-11
"civilian",2014-11-11
"civilian",2014-11-11
"civilian",2014-11-11
"civilian",2014-11-10
"civilian",2014-11-09
"civilian",2014-11-09
"civilian",2014-11-09
"civilian",2014-11-09
"civilian",2014-11-09
"civilian",2014-11-09
"civilian",2014-11-09
"civilian",2014-11-09
"civilian",2014-11-08
"civilian",2014-11-08
"civilian",2014-11-08
"civilian",2014-11-08
"civilian",2014-11-08
"civilian",2014-11-07
"civilian",2014-11-06
"civilian",2014-11-06
"civilian",2014-11-06
"civilian",2014-11-06
"civilian",2014-11-05
"civilian",2014-11-05
"civilian",2014-11-04
"civilian",2014-11-03
"civilian",2014-11-03
"civilian",2014-11-03
"civilian",2014-11-03
"civilian",2014-11-03
"civilian",2014-11-03
"civilian",2014-11-02
"civilian",2014-11-02
"civilian",2014-11-02
"civilian",2014-11-01
"civilian",2014-11-01
"civilian",2014-11-01
"civilian",2014-11-01
"civilian",2014-11-01
"civilian",2014-10-31
"civilian",2014-10-30
"civilian",2014-10-29
"civilian",NA
"civilian",2014-10-28
"civilian",2014-10-28
"civilian",2014-10-28
"civilian",2014-10-28
"civilian",2014-10-28
"civilian",2014-10-28
"civilian",2014-10-27
"civilian",2014-10-27
"civilian",2014-10-27
"civilian",2014-10-27
"civilian",2014-10-27
"civilian",2014-10-26
"civilian",2014-10-26
"civilian",2014-10-25
"civilian",2014-10-25
"civilian",2014-10-25
"civilian",2014-10-25
"civilian",2014-10-25
"civilian",2014-10-24
"civilian",2014-10-24
"civilian",2014-10-24
"civilian",2014-10-24
"civilian",2014-10-24
"civilian",2014-10-24
"civilian",2014-10-23
"civilian",2014-10-23
"civilian",2014-10-23
"civilian",2014-10-23
"civilian",2014-10-23
"civilian",2014-10-22
"civilian",2014-10-22
"civilian",2014-10-21
"civilian",2014-10-20
"civilian",2014-10-20
"civilian",2014-10-20
"civilian",2014-10-20
"civilian",2014-10-20
"civilian",2014-10-18
"civilian",2014-10-18
"civilian",2014-10-18
"civilian",2014-10-18
"civilian",2014-10-17
"civilian",2014-10-17
"civilian",2014-10-17
"civilian",2014-10-16
"civilian",2014-10-13
"civilian",2014-10-13
"civilian",2014-10-13
"civilian",2014-10-12
"civilian",2014-10-12
"civilian",2014-10-12
"civilian",2014-10-12
"civilian",2014-10-12
"civilian",2014-10-12
"civilian",2014-10-11
"civilian",2014-10-11
"civilian",2014-10-11
"civilian",2014-10-10
"civilian",2014-10-10
"civilian",2014-10-10
"civilian",2014-10-09
"civilian",2014-10-09
"civilian",2014-10-08
"civilian",2014-10-08
"civilian",2014-10-08
"civilian",2014-10-08
"civilian",2014-10-07
"civilian",2014-10-07
"civilian",2014-10-07
"civilian",2014-10-07
"civilian",2014-10-07
"civilian",2014-10-07
"civilian",2014-10-06
"civilian",2014-10-05
"civilian",2014-10-04
"civilian",2014-10-04
"civilian",2014-10-04
"civilian",2014-10-04
"civilian",2014-10-03
"civilian",2014-10-03
"civilian",2014-10-03
"civilian",2014-10-02
"civilian",2014-10-02
"civilian",2014-10-01
"civilian",2014-10-01
"civilian",2014-10-01
"civilian",2014-09-30
"civilian",2014-09-30
"civilian",2014-09-30
"civilian",2014-09-30
"civilian",2014-09-30
"civilian",2014-09-29
"civilian",2014-09-29
"civilian",2014-09-28
"civilian",2014-09-28
"civilian",2014-09-28
"civilian",2014-09-27
"civilian",2014-09-27
"civilian",2014-09-27
"civilian",2014-09-27
"civilian",2014-09-26
"civilian",2014-09-26
"civilian",2014-09-25
"civilian",2014-09-25
"civilian",2014-09-24
"civilian",2014-09-24
"civilian",2014-09-23
"civilian",2014-09-23
"civilian",2014-09-23
"civilian",2014-09-23
"civilian",2014-09-23
"civilian",2014-09-23
"civilian",2014-09-23
"civilian",2014-09-22
"civilian",2014-09-22
"civilian",2014-09-21
"civilian",2014-09-21
"civilian",2014-09-20
"civilian",2014-09-20
"civilian",2014-09-20
"civilian",2014-09-19
"civilian",2014-09-19
"civilian",2014-09-19
"civilian",2014-09-19
"civilian",2014-09-18
"civilian",2014-09-18
"civilian",2014-09-18
"civilian",2014-09-17
"civilian",2014-09-17
"civilian",2014-09-16
"civilian",2014-09-16
"civilian",2014-09-16
"civilian",2014-09-15
"civilian",2014-09-15
"civilian",2014-09-14
"civilian",2014-09-14
"civilian",2014-09-14
"civilian",2014-09-14
"civilian",2014-09-13
"civilian",2014-09-13
"civilian",2014-09-13
"civilian",2014-09-13
"civilian",2014-09-12
"civilian",2014-09-12
"civilian",2014-09-12
"civilian",2014-09-11
"civilian",2014-09-11
"civilian",2014-09-11
"civilian",2014-09-09
"civilian",2014-09-09
"civilian",2014-09-08
"civilian",2014-09-08
"civilian",2014-09-08
"civilian",2014-09-08
"civilian",2014-09-08
"civilian",2014-09-08
"civilian",2014-09-07
"civilian",2014-09-06
"civilian",2014-09-05
"civilian",2014-09-05
"civilian",2014-09-03
"civilian",2014-09-03
"civilian",2014-09-03
"civilian",2014-09-03
"civilian",2014-09-03
"civilian",2014-09-02
"civilian",2014-09-02
"civilian",2014-09-02
"civilian",2014-09-01
"civilian",2014-09-01
"civilian",2014-08-31
"civilian",2014-08-31
"civilian",2014-08-31
"civilian",2014-08-31
"civilian",2014-08-30
"civilian",2014-08-30
"civilian",2014-08-30
"civilian",2014-08-30
"civilian",2014-08-29
"civilian",2014-08-29
"civilian",2014-08-29
"civilian",2014-08-29
"civilian",2014-08-29
"civilian",2014-08-28
"civilian",2014-08-28
"civilian",2014-08-28
"civilian",2014-08-28
"civilian",2014-08-27
"civilian",2014-08-27
"civilian",2014-08-27
"civilian",2014-08-27
"civilian",2014-08-27
"civilian",2014-08-26
"civilian",2014-08-26
"civilian",2014-08-26
"civilian",2014-08-26
"civilian",2014-08-25
"civilian",2014-08-25
"civilian",2014-08-25
"civilian",2014-08-25
"civilian",2014-08-24
"civilian",2014-08-24
"civilian",2014-08-24
"civilian",2014-08-24
"civilian",2014-08-24
"civilian",2014-08-23
"civilian",2014-08-23
"civilian",2014-08-23
"civilian",2014-08-23
"civilian",2014-08-23
"civilian",2014-08-23
"civilian",2014-08-22
"civilian",2014-08-22
"civilian",2014-08-22
"civilian",2014-08-20
"civilian",2014-08-20
"civilian",2014-08-20
"civilian",2014-08-19
"civilian",2014-08-19
"civilian",2014-08-19
"civilian",2014-08-19
"civilian",2014-08-19
"civilian",2014-08-19
"civilian",2014-08-18
"civilian",2014-08-18
"civilian",2014-08-18
"civilian",2014-08-18
"civilian",2014-08-17
"civilian",2014-08-17
"civilian",2014-08-16
"civilian",2014-08-15
"civilian",2014-08-14
"civilian",2014-08-14
"civilian",2014-08-14
"civilian",2014-08-14
"civilian",2014-08-13
"civilian",2014-08-13
"civilian",2014-08-13
"civilian",2014-08-13
"civilian",2014-08-13
"civilian",2014-08-13
"civilian",2014-08-13
"civilian",2014-08-13
"civilian",2014-08-12
"civilian",2014-08-12
"civilian",2014-08-12
"civilian",2014-08-12
"civilian",2014-08-12
"civilian",2014-08-11
"civilian",2014-08-11
"civilian",2014-08-11
"civilian",2014-08-11
"civilian",2014-08-11
"civilian",2014-08-11
"civilian",2014-08-11
"civilian",2014-08-11
"civilian",2014-08-10
"civilian",2014-08-10
"civilian",2014-08-10
"civilian",2014-08-10
"civilian",2014-08-10
"civilian",2014-08-09
"civilian",2014-08-09
"civilian",2014-08-09
"civilian",2014-08-09
"civilian",2014-08-09
"civilian",2014-08-09
"civilian",2014-08-08
"civilian",2014-08-08
"civilian",2014-08-08
"civilian",2014-08-08
"civilian",2014-08-07
"civilian",2014-08-07
"civilian",2014-08-06
"civilian",2014-08-06
"civilian",2014-08-05
"civilian",2014-08-05
"civilian",2014-08-05
"civilian",2014-08-05
"civilian",2014-08-05
"civilian",2014-08-05
"civilian",2014-08-05
"civilian",2014-08-04
"civilian",2014-08-04
"civilian",2014-08-03
"civilian",2014-08-03
"civilian",2014-08-03
"civilian",2014-08-03
"civilian",2014-08-03
"civilian",2014-08-03
"civilian",2014-08-03
"civilian",2014-08-02
"civilian",2014-08-02
"civilian",2014-08-02
"civilian",2014-08-02
"civilian",2014-08-02
"civilian",2014-08-01
"civilian",2014-08-01
"civilian",2014-08-01
"civilian",2014-08-01
"civilian",2014-08-01
"civilian",2014-07-31
"civilian",2014-07-30
"civilian",2014-07-30
"civilian",2014-07-30
"civilian",2014-07-30
"civilian",2014-07-29
"civilian",2014-07-29
"civilian",2014-07-29
"civilian",2014-07-29
"civilian",2014-07-29
"civilian",2014-07-29
"civilian",2014-07-28
"civilian",2014-07-28
"civilian",2014-07-28
"civilian",2014-07-27
"civilian",2014-07-27
"civilian",2014-07-27
"civilian",2014-07-27
"civilian",2014-07-26
"civilian",2014-07-26
"civilian",2014-07-25
"civilian",2014-07-25
"civilian",2014-07-25
"civilian",2014-07-24
"civilian",2014-07-23
"civilian",2014-07-23
"civilian",2014-07-22
"civilian",2014-07-22
"civilian",2014-07-22
"civilian",2014-07-22
"civilian",2014-07-22
"civilian",2014-07-21
"civilian",2014-07-20
"civilian",2014-07-20
"civilian",2014-07-19
"civilian",2014-07-18
"civilian",2014-07-18
"civilian",2014-07-18
"civilian",2014-07-17
"civilian",2014-07-17
"civilian",2014-07-17
"civilian",2014-07-17
"civilian",2014-07-16
"civilian",2014-07-16
"civilian",2014-07-16
"civilian",2014-07-16
"civilian",2014-07-15
"civilian",2014-07-14
"civilian",2014-07-14
"civilian",2014-07-14
"civilian",2014-07-13
"civilian",2014-07-13
"civilian",2014-07-13
"civilian",2014-07-13
"civilian",2014-07-13
"civilian",2014-07-13
"civilian",2014-07-12
"civilian",2014-07-12
"civilian",2014-07-12
"civilian",2014-07-11
"civilian",2014-07-11
"civilian",2014-07-11
"civilian",2014-07-10
"civilian",2014-07-10
"civilian",2014-07-10
"civilian",2014-07-09
"civilian",2014-07-09
"civilian",2014-07-09
"civilian",2014-07-09
"civilian",2014-07-09
"civilian",2014-07-08
"civilian",2014-07-08
"civilian",2014-07-07
"civilian",2014-07-06
"civilian",2014-07-06
"civilian",2014-07-05
"civilian",2014-07-05
"civilian",2014-07-05
"civilian",2014-07-05
"civilian",2014-07-05
"civilian",2014-07-05
"civilian",2014-07-04
"civilian",2014-07-04
"civilian",2014-07-04
"civilian",2014-07-04
"civilian",2014-07-04
"civilian",2014-07-03
"civilian",2014-07-03
"civilian",2014-07-03
"civilian",2014-07-03
"civilian",2014-07-02
"civilian",2014-07-02
"civilian",2014-07-01
"civilian",2014-07-01
"civilian",2014-07-01
"civilian",2014-07-01
"civilian",2014-06-30
"civilian",2014-06-29
"civilian",2014-06-29
"civilian",2014-06-29
"civilian",2014-06-28
"civilian",2014-06-27
"civilian",2014-06-27
"civilian",2014-06-27
"civilian",2014-06-27
"civilian",2014-06-27
"civilian",2014-06-26
"civilian",2014-06-26
"civilian",2014-06-26
"civilian",2014-06-26
"civilian",2014-06-25
"civilian",2014-06-25
"civilian",2014-06-25
"civilian",2014-06-25
"civilian",2014-06-24
"civilian",2014-06-24
"civilian",2014-06-24
"civilian",2014-06-23
"civilian",2014-06-22
"civilian",2014-06-22
"civilian",2014-06-21
"civilian",2014-06-21
"civilian",2014-06-21
"civilian",2014-06-21
"civilian",2014-06-21
"civilian",2014-06-20
"civilian",2014-06-20
"civilian",2014-06-20
"civilian",2014-06-20
"civilian",2014-06-20
"civilian",2014-06-20
"civilian",2014-06-19
"civilian",2014-06-19
"civilian",2014-06-19
"civilian",2014-06-19
"civilian",2014-06-19
"civilian",2014-06-19
"civilian",2014-06-18
"civilian",2014-06-18
"civilian",2014-06-16
"civilian",2014-06-16
"civilian",2014-06-15
"civilian",2014-06-15
"civilian",2014-06-15
"civilian",2014-06-15
"civilian",2014-06-14
"civilian",2014-06-14
"civilian",2014-06-14
"civilian",2014-06-13
"civilian",2014-06-13
"civilian",2014-06-13
"civilian",2014-06-12
"civilian",2014-06-12
"civilian",2014-06-12
"civilian",2014-06-12
"civilian",2014-06-12
"civilian",2014-06-11
"civilian",2014-06-11
"civilian",2014-06-11
"civilian",2014-06-11
"civilian",2014-06-10
"civilian",2014-06-10
"civilian",2014-06-10
"civilian",2014-06-10
"civilian",2014-06-09
"civilian",2014-06-09
"civilian",2014-06-09
"civilian",2014-06-09
"civilian",2014-06-08
"civilian",2014-06-08
"civilian",2014-06-08
"civilian",2014-06-07
"civilian",2014-06-07
"civilian",2014-06-07
"civilian",2014-06-06
"civilian",2014-06-06
"civilian",2014-06-06
"civilian",2014-06-06
"civilian",2014-06-06
"civilian",2014-06-05
"civilian",2014-06-05
"civilian",2014-06-04
"civilian",2014-06-04
"civilian",2014-06-04
"civilian",2014-06-04
"civilian",2014-06-04
"civilian",2014-06-04
"civilian",2014-06-03
"civilian",2014-06-02
"civilian",2014-06-02
"civilian",2014-06-02
"civilian",2014-06-02
"civilian",2014-06-01
"civilian",2014-05-31
"civilian",2014-05-31
"civilian",2014-05-31
"civilian",2014-05-31
"civilian",2014-05-31
"civilian",2014-05-30
"civilian",2014-05-30
"civilian",2014-05-30
"civilian",2014-05-30
"civilian",2014-05-30
"civilian",2014-05-30
"civilian",2014-05-30
"civilian",2014-05-30
"civilian",2014-05-29
"civilian",2014-05-29
"civilian",2014-05-29
"civilian",2014-05-29
"civilian",2014-05-28
"civilian",2014-05-28
"civilian",2014-05-27
"civilian",2014-05-27
"civilian",2014-05-26
"civilian",2014-05-26
"civilian",2014-05-25
"civilian",2014-05-25
"civilian",2014-05-24
"civilian",2014-05-24
"civilian",2014-05-24
"civilian",2014-05-24
"civilian",2014-05-24
"civilian",2014-05-24
"civilian",2014-05-23
"civilian",2014-05-22
"civilian",2014-05-22
"civilian",2014-05-22
"civilian",2014-05-21
"civilian",2014-05-21
"civilian",2014-05-21
"civilian",2014-05-20
"civilian",2014-05-20
"civilian",2014-05-20
"civilian",2014-05-19
"civilian",2014-05-19
"civilian",2014-05-19
"civilian",2014-05-19
"civilian",2014-05-19
"civilian",2014-05-18
"civilian",2014-05-18
"civilian",2014-05-18
"civilian",2014-05-18
"civilian",2014-05-18
"civilian",2014-05-17
"civilian",2014-05-17
"civilian",2014-05-16
"civilian",2014-05-16
"civilian",2014-05-16
"civilian",2014-05-16
"civilian",2014-05-16
"civilian",2014-05-16
"civilian",2014-05-16
"civilian",2014-05-15
"civilian",2014-05-15
"civilian",2014-05-15
"civilian",2014-05-14
"civilian",2014-05-13
"civilian",2014-05-13
"civilian",2014-05-13
"civilian",2014-05-12
"civilian",2014-05-12
"civilian",2014-05-12
"civilian",2014-05-12
"civilian",2014-05-11
"civilian",2014-05-11
"civilian",2014-05-11
"civilian",2014-05-11
"civilian",2014-05-11
"civilian",2014-05-11
"civilian",2014-05-11
"civilian",2014-05-11
"civilian",2014-05-10
"civilian",2014-05-10
"civilian",2014-05-10
"civilian",2014-05-10
"civilian",2014-05-10
"civilian",2014-05-09
"civilian",2014-05-09
"civilian",2014-05-09
"civilian",2014-05-08
"civilian",2014-05-08
"civilian",2014-05-08
"civilian",2014-05-08
"civilian",2014-05-08
"civilian",2014-05-08
"civilian",2014-05-07
"civilian",2014-05-07
"civilian",2014-05-07
"civilian",2014-05-06
"civilian",2014-05-06
"civilian",2014-05-06
"civilian",2014-05-05
"civilian",2014-05-05
"civilian",2014-05-04
"civilian",2014-05-04
"civilian",2014-05-04
"civilian",2014-05-03
"civilian",2014-05-03
"civilian",2014-05-02
"civilian",2014-05-02
"civilian",2014-05-02
"civilian",2014-05-01
"civilian",2014-04-30
"civilian",2014-04-30
"civilian",2014-04-29
"civilian",2014-04-29
"civilian",2014-04-29
"civilian",2014-04-29
"civilian",2014-04-29
"civilian",2014-04-29
"civilian",2014-04-28
"civilian",2014-04-28
"civilian",2014-04-27
"civilian",2014-04-27
"civilian",2014-04-26
"civilian",2014-04-26
"civilian",2014-04-25
"civilian",2014-04-25
"civilian",2014-04-25
"civilian",2014-04-25
"civilian",2014-04-24
"civilian",2014-04-24
"civilian",2014-04-24
"civilian",2014-04-24
"civilian",2014-04-23
"civilian",2014-04-23
"civilian",2014-04-23
"civilian",2014-04-22
"civilian",2014-04-22
"civilian",2014-04-22
"civilian",2014-04-21
"civilian",2014-04-21
"civilian",2014-04-21
"civilian",2014-04-21
"civilian",2014-04-21
"civilian",2014-04-21
"civilian",2014-04-20
"civilian",2014-04-20
"civilian",2014-04-20
"civilian",2014-04-20
"civilian",2014-04-20
"civilian",2014-04-20
"civilian",2014-04-19
"civilian",2014-04-19
"civilian",2014-04-18
"civilian",2014-04-18
"civilian",2014-04-17
"civilian",2014-04-17
"civilian",2014-04-17
"civilian",2014-04-17
"civilian",2014-04-16
"civilian",2014-04-16
"civilian",2014-04-16
"civilian",2014-04-16
"civilian",2014-04-15
"civilian",2014-04-14
"civilian",2014-04-14
"civilian",2014-04-14
"civilian",2014-04-13
"civilian",2014-04-13
"civilian",2014-04-13
"civilian",2014-04-13
"civilian",2014-04-13
"civilian",2014-04-13
"civilian",2014-04-13
"civilian",2014-04-13
"civilian",2014-04-12
"civilian",2014-04-12
"civilian",2014-04-12
"civilian",2014-04-12
"civilian",2014-04-11
"civilian",2014-04-11
"civilian",2014-04-11
"civilian",2014-04-11
"civilian",2014-04-11
"civilian",2014-04-11
"civilian",2014-04-11
"civilian",2014-04-10
"civilian",2014-04-10
"civilian",2014-04-10
"civilian",2014-04-09
"civilian",2014-04-08
"civilian",2014-04-08
"civilian",2014-04-08
"civilian",2014-04-07
"civilian",2014-04-07
"civilian",2014-04-07
"civilian",2014-04-07
"civilian",2014-04-07
"civilian",2014-04-06
"civilian",2014-04-06
"civilian",2014-04-06
"civilian",2014-04-06
"civilian",NA
"civilian",2014-04-05
"civilian",2014-04-04
"civilian",2014-04-04
"civilian",2014-04-04
"civilian",2014-04-04
"civilian",2014-04-03
"civilian",2014-04-03
"civilian",2014-04-03
"civilian",2014-04-03
"civilian",2014-04-02
"civilian",2014-04-02
"civilian",2014-04-02
"civilian",2014-04-02
"civilian",2014-04-01
"civilian",2014-03-31
"civilian",2014-03-31
"civilian",2014-03-31
"civilian",2014-03-30
"civilian",2014-03-29
"civilian",2014-03-28
"civilian",2014-03-28
"civilian",2014-03-28
"civilian",2014-03-28
"civilian",2014-03-28
"civilian",2014-03-27
"civilian",2014-03-27
"civilian",2014-03-27
"civilian",2014-03-27
"civilian",2014-03-26
"civilian",2014-03-26
"civilian",2014-03-25
"civilian",2014-03-25
"civilian",2014-03-25
"civilian",2014-03-25
"civilian",2014-03-25
"civilian",2014-03-25
"civilian",2014-03-25
"civilian",2014-03-24
"civilian",2014-03-23
"civilian",2014-03-23
"civilian",2014-03-22
"civilian",2014-03-22
"civilian",2014-03-21
"civilian",2014-03-21
"civilian",2014-03-21
"civilian",2014-03-21
"civilian",2014-03-21
"civilian",2014-03-21
"civilian",2014-03-21
"civilian",2014-03-20
"civilian",2014-03-20
"civilian",2014-03-20
"civilian",2014-03-20
"civilian",2014-03-19
"civilian",2014-03-19
"civilian",2014-03-18
"civilian",2014-03-18
"civilian",2014-03-18
"civilian",2014-03-18
"civilian",2014-03-17
"civilian",2014-03-17
"civilian",2014-03-17
"civilian",2014-03-16
"civilian",2014-03-16
"civilian",2014-03-16
"civilian",2014-03-16
"civilian",2014-03-16
"civilian",2014-03-14
"civilian",2014-03-14
"civilian",2014-03-13
"civilian",2014-03-13
"civilian",2014-03-12
"civilian",2014-03-12
"civilian",2014-03-12
"civilian",2014-03-11
"civilian",2014-03-11
"civilian",2014-03-10
"civilian",2014-03-10
"civilian",2014-03-10
"civilian",2014-03-10
"civilian",2014-03-10
"civilian",2014-03-10
"civilian",2014-03-09
"civilian",2014-03-09
"civilian",2014-03-09
"civilian",2014-03-09
"civilian",2014-03-09
"civilian",2014-03-09
"civilian",2014-03-08
"civilian",2014-03-08
"civilian",2014-03-08
"civilian",2014-03-07
"civilian",2014-03-07
"civilian",2014-03-06
"civilian",2014-03-06
"civilian",2014-03-06
"civilian",2014-03-06
"civilian",2014-03-06
"civilian",2014-03-05
"civilian",2014-03-05
"civilian",2014-03-05
"civilian",2014-03-05
"civilian",2014-03-05
"civilian",2014-03-05
"civilian",2014-03-04
"civilian",2014-03-04
"civilian",2014-03-04
"civilian",2014-03-04
"civilian",2014-03-04
"civilian",2014-03-03
"civilian",2014-03-03
"civilian",2014-03-03
"civilian",2014-03-02
"civilian",2014-03-02
"civilian",2014-03-02
"civilian",2014-03-01
"civilian",2014-03-01
"civilian",2014-02-28
"civilian",2014-02-28
"civilian",2014-02-28
"civilian",2014-02-27
"civilian",2014-02-27
"civilian",2014-02-26
"civilian",2014-02-26
"civilian",2014-02-26
"civilian",2014-02-26
"civilian",2014-02-26
"civilian",2014-02-25
"civilian",2014-02-25
"civilian",2014-02-25
"civilian",2014-02-24
"civilian",2014-02-24
"civilian",2014-02-23
"civilian",2014-02-22
"civilian",2014-02-21
"civilian",2014-02-20
"civilian",2014-02-18
"civilian",2014-02-18
"civilian",2014-02-18
"civilian",2014-02-17
"civilian",2014-02-17
"civilian",2014-02-16
"civilian",2014-02-16
"civilian",2014-02-16
"civilian",2014-02-16
"civilian",2014-02-16
"civilian",2014-02-16
"civilian",2014-02-15
"civilian",2014-02-15
"civilian",2014-02-15
"civilian",2014-02-15
"civilian",2014-02-14
"civilian",2014-02-14
"civilian",2014-02-13
"civilian",2014-02-13
"civilian",2014-02-13
"civilian",2014-02-12
"civilian",2014-02-12
"civilian",2014-02-11
"civilian",2014-02-11
"civilian",2014-02-10
"civilian",2014-02-10
"civilian",2014-02-10
"civilian",2014-02-10
"civilian",2014-02-10
"civilian",2014-02-10
"civilian",2014-02-09
"civilian",2014-02-07
"civilian",2014-02-07
"civilian",2014-02-07
"civilian",2014-02-07
"civilian",2014-02-07
"civilian",2014-02-06
"civilian",2014-02-05
"civilian",2014-02-05
"civilian",2014-02-05
"civilian",2014-02-04
"civilian",2014-02-04
"civilian",2014-02-04
"civilian",2014-02-04
"civilian",2014-02-04
"civilian",2014-02-03
"civilian",2014-02-01
"civilian",2014-02-01
"civilian",2014-02-01
"civilian",2014-01-31
"civilian",2014-01-31
"civilian",2014-01-31
"civilian",2014-01-30
"civilian",2014-01-30
"civilian",2014-01-29
"civilian",2014-01-29
"civilian",2014-01-29
"civilian",2014-01-29
"civilian",2014-01-28
"civilian",2014-01-28
"civilian",2014-01-28
"civilian",2014-01-28
"civilian",2014-01-27
"civilian",2014-01-27
"civilian",2014-01-27
"civilian",2014-01-26
"civilian",2014-01-26
"civilian",2014-01-25
"civilian",2014-01-25
"civilian",2014-01-24
"civilian",2014-01-24
"civilian",2014-01-24
"civilian",2014-01-23
"civilian",2014-01-22
"civilian",2014-01-21
"civilian",2014-01-21
"civilian",2014-01-21
"civilian",2014-01-21
"civilian",2014-01-21
"civilian",2014-01-20
"civilian",2014-01-20
"civilian",2014-01-20
"civilian",2014-01-19
"civilian",2014-01-18
"civilian",2014-01-17
"civilian",2014-01-16
"civilian",2014-01-16
"civilian",2014-01-16
"civilian",2014-01-16
"civilian",2014-01-16
"civilian",2014-01-16
"civilian",2014-01-16
"civilian",2014-01-15
"civilian",2014-01-15
"civilian",2014-01-14
"civilian",2014-01-14
"civilian",2014-01-14
"civilian",2014-01-14
"civilian",2014-01-14
"civilian",2014-01-14
"civilian",2014-01-13
"civilian",2014-01-12
"civilian",2014-01-12
"civilian",2014-01-10
"civilian",2014-01-09
"civilian",2014-01-09
"civilian",2014-01-09
"civilian",2014-01-08
"civilian",2014-01-07
"civilian",2014-01-07
"civilian",2014-01-06
"civilian",2014-01-05
"civilian",2014-01-05
"civilian",2014-01-04
"civilian",2014-01-04
"civilian",2014-01-04
"civilian",2014-01-04
"civilian",2014-01-04
"civilian",2014-01-04
"civilian",2014-01-04
"civilian",2014-01-03
"civilian",2014-01-03
"civilian",2014-01-03
"civilian",2014-01-03
"civilian",2014-01-03
"civilian",2014-01-03
"civilian",2014-01-02
"civilian",2014-01-02
"civilian",2014-01-02
"civilian",2014-01-01
"civilian",2014-01-01
"civilian",2013-12-31
"civilian",2013-12-31
"civilian",2013-12-30
"civilian",2013-12-29
"civilian",2013-12-29
"civilian",2013-12-29
"civilian",2013-12-29
"civilian",2013-12-29
"civilian",2013-12-29
"civilian",2013-12-29
"civilian",2013-12-29
"civilian",2013-12-28
"civilian",2013-12-28
"civilian",2013-12-28
"civilian",2013-12-27
"civilian",2013-12-27
"civilian",2013-12-27
"civilian",2013-12-27
"civilian",2013-12-26
"civilian",2013-12-26
"civilian",2013-12-25
"civilian",2013-12-25
"civilian",2013-12-24
"civilian",2013-12-24
"civilian",2013-12-24
"civilian",2013-12-23
"civilian",2013-12-22
"civilian",2013-12-21
"civilian",2013-12-21
"civilian",2013-12-20
"civilian",2013-12-20
"civilian",2013-12-19
"civilian",2013-12-18
"civilian",2013-12-17
"civilian",2013-12-16
"civilian",2013-12-16
"civilian",2013-12-16
"civilian",2013-12-14
"civilian",2013-12-14
"civilian",2013-12-14
"civilian",2013-12-14
"civilian",2013-12-14
"civilian",2013-12-14
"civilian",2013-12-14
"civilian",2013-12-14
"civilian",2013-12-13
"civilian",2013-12-13
"civilian",2013-12-13
"civilian",2013-12-13
"civilian",2013-12-12
"civilian",2013-12-12
"civilian",2013-12-12
"civilian",2013-12-11
"civilian",2013-12-11
"civilian",2013-12-11
"civilian",2013-12-10
"civilian",2013-12-10
"civilian",2013-12-10
"civilian",2013-12-10
"civilian",2013-12-09
"civilian",2013-12-08
"civilian",2013-12-08
"civilian",2013-12-08
"civilian",2013-12-08
"civilian",2013-12-08
"civilian",2013-12-07
"civilian",2013-12-07
"civilian",2013-12-07
"civilian",2013-12-07
"civilian",2013-12-06
"civilian",2013-12-06
"civilian",2013-12-05
"civilian",2013-12-05
"civilian",2013-12-04
"civilian",2013-12-04
"civilian",2013-12-03
"civilian",2013-12-03
"civilian",2013-12-03
"civilian",2013-12-02
"civilian",2013-12-02
"civilian",2013-12-02
"civilian",2013-12-01
"civilian",2013-12-01
"civilian",2013-12-01
"civilian",2013-12-01
"civilian",2013-11-29
"civilian",2013-11-29
"civilian",2013-11-29
"civilian",2013-11-28
"civilian",2013-11-28
"civilian",2013-11-28
"civilian",2013-11-28
"civilian",2013-11-28
"civilian",2013-11-28
"civilian",2013-11-28
"civilian",2013-11-27
"civilian",2013-11-27
"civilian",2013-11-26
"civilian",2013-11-26
"civilian",2013-11-25
"civilian",2013-11-25
"civilian",2013-11-25
"civilian",2013-11-25
"civilian",2013-11-24
"civilian",2013-11-24
"civilian",2013-11-23
"civilian",2013-11-23
"civilian",2013-11-22
"civilian",2013-11-22
"civilian",2013-11-22
"civilian",2013-11-22
"civilian",2013-11-22
"civilian",2013-11-22
"civilian",2013-11-21
"civilian",2013-11-21
"civilian",2013-11-20
"civilian",2013-11-20
"civilian",2013-11-20
"civilian",2013-11-19
"civilian",2013-11-19
"civilian",2013-11-19
"civilian",2013-11-19
"civilian",2013-11-19
"civilian",2013-11-19
"civilian",2013-11-18
"civilian",2013-11-18
"civilian",2013-11-18
"civilian",2013-11-18
"civilian",2013-11-18
"civilian",2013-11-17
"civilian",2013-11-17
"civilian",2013-11-17
"civilian",2013-11-16
"civilian",2013-11-16
"civilian",2013-11-15
"civilian",2013-11-15
"civilian",2013-11-15
"civilian",2013-11-14
"civilian",2013-11-14
"civilian",2013-11-14
"civilian",2013-11-13
"civilian",2013-11-13
"civilian",2013-11-13
"civilian",2013-11-11
"civilian",2013-11-11
"civilian",2013-11-11
"civilian",2013-11-11
"civilian",2013-11-10
"civilian",2013-11-10
"civilian",2013-11-08
"civilian",2013-11-07
"civilian",2013-11-06
"civilian",2013-11-06
"civilian",2013-11-05
"civilian",2013-11-05
"civilian",2013-11-04
"civilian",2013-11-04
"civilian",2013-11-04
"civilian",2013-11-03
"civilian",2013-11-03
"civilian",2013-11-02
"civilian",2013-11-01
"civilian",2013-11-01
"civilian",2013-10-31
"civilian",2013-10-31
"civilian",2013-10-31
"civilian",2013-10-31
"civilian",2013-10-31
"civilian",2013-10-30
"civilian",2013-10-30
"civilian",2013-10-30
"civilian",2013-10-30
"civilian",2013-10-30
"civilian",2013-10-29
"civilian",2013-10-29
"civilian",2013-10-29
"civilian",2013-10-29
"civilian",2013-10-29
"civilian",2013-10-28
"civilian",2013-10-28
"civilian",2013-10-28
"civilian",2013-10-27
"civilian",2013-10-27
"civilian",2013-10-27
"civilian",2013-10-27
"civilian",2013-10-27
"civilian",2013-10-27
"civilian",2013-10-27
"civilian",2013-10-26
"civilian",2013-10-26
"civilian",2013-10-26
"civilian",2013-10-26
"civilian",2013-10-26
"civilian",2013-10-26
"civilian",2013-10-25
"civilian",2013-10-25
"civilian",2013-10-25
"civilian",2013-10-25
"civilian",2013-10-25
"civilian",2013-10-25
"civilian",2013-10-25
"civilian",2013-10-25
"civilian",2013-10-24
"civilian",2013-10-24
"civilian",2013-10-24
"civilian",2013-10-24
"civilian",2013-10-23
"civilian",2013-10-23
"civilian",2013-10-23
"civilian",2013-10-22
"civilian",2013-10-22
"civilian",2013-10-22
"civilian",2013-10-22
"civilian",2013-10-22
"civilian",2013-10-21
"civilian",2013-10-21
"civilian",2013-10-21
"civilian",2013-10-21
"civilian",2013-10-20
"civilian",2013-10-20
"civilian",2013-10-20
"civilian",2013-10-20
"civilian",2013-10-19
"civilian",2013-10-19
"civilian",2013-10-19
"civilian",2013-10-18
"civilian",2013-10-18
"civilian",2013-10-18
"civilian",2013-10-17
"civilian",2013-10-17
"civilian",2013-10-17
"civilian",2013-10-16
"civilian",2013-10-16
"civilian",2013-10-16
"civilian",2013-10-15
"civilian",2013-10-15
"civilian",2013-10-15
"civilian",2013-10-14
"civilian",2013-10-14
"civilian",2013-10-14
"civilian",2013-10-13
"civilian",2013-10-13
"civilian",2013-10-13
"civilian",2013-10-13
"civilian",2013-10-13
"civilian",2013-10-13
"civilian",2013-10-13
"civilian",2013-10-13
"civilian",2013-10-13
"civilian",2013-10-12
"civilian",2013-10-11
"civilian",2013-10-11
"civilian",2013-10-11
"civilian",2013-10-11
"civilian",2013-10-09
"civilian",2013-10-09
"civilian",2013-10-09
"civilian",2013-10-08
"civilian",2013-10-08
"civilian",2013-10-06
"civilian",2013-10-06
"civilian",2013-10-05
"civilian",2013-10-05
"civilian",2013-10-05
"civilian",2013-10-05
"civilian",2013-10-05
"civilian",2013-10-05
"civilian",2013-10-04
"civilian",2013-10-04
"civilian",2013-10-04
"civilian",2013-10-04
"civilian",2013-10-03
"civilian",2013-10-03
"civilian",2013-10-03
"civilian",2013-10-02
"civilian",2013-10-02
"civilian",2013-10-01
"civilian",2013-10-01
"civilian",2013-10-01
"civilian",2013-10-01
"civilian",2013-09-29
"civilian",2013-09-29
"civilian",2013-09-29
"civilian",2013-09-28
"civilian",2013-09-28
"civilian",2013-09-27
"civilian",2013-09-26
"civilian",2013-09-26
"civilian",2013-09-26
"civilian",2013-09-25
"civilian",2013-09-25
"civilian",2013-09-25
"civilian",2013-09-25
"civilian",2013-09-24
"civilian",2013-09-24
"civilian",2013-09-24
"civilian",2013-09-24
"civilian",2013-09-24
"civilian",2013-09-23
"civilian",2013-09-23
"civilian",2013-09-23
"civilian",2013-09-22
"civilian",2013-09-22
"civilian",2013-09-22
"civilian",2013-09-22
"civilian",2013-09-21
"civilian",2013-09-21
"civilian",2013-09-21
"civilian",2013-09-20
"civilian",2013-09-20
"civilian",2013-09-18
"civilian",2013-09-18
"civilian",2013-09-18
"civilian",2013-09-18
"civilian",2013-09-17
"civilian",2013-09-17
"civilian",2013-09-17
"civilian",2013-09-16
"civilian",2013-09-16
"civilian",2013-09-16
"civilian",2013-09-16
"civilian",2013-09-14
"civilian",2013-09-14
"civilian",2013-09-14
"civilian",2013-09-14
"civilian",2013-09-14
"civilian",2013-09-14
"civilian",2013-09-13
"civilian",2013-09-12
"civilian",2013-09-12
"civilian",2013-09-10
"civilian",2013-09-10
"civilian",2013-09-09
"civilian",2013-09-09
"civilian",2013-09-08
"civilian",2013-09-07
"civilian",2013-09-07
"civilian",2013-09-07
"civilian",2013-09-07
"civilian",2013-09-07
"civilian",2013-09-07
"civilian",2013-09-07
"civilian",2013-09-07
"civilian",2013-09-06
"civilian",2013-09-06
"civilian",2013-09-06
"civilian",2013-09-06
"civilian",2013-09-06
"civilian",2013-09-05
"civilian",2013-09-05
"civilian",2013-09-05
"civilian",2013-09-05
"civilian",2013-09-04
"civilian",2013-09-04
"civilian",2013-09-03
"civilian",2013-09-03
"civilian",2013-09-03
"civilian",2013-09-03
"civilian",2013-09-02
"civilian",2013-09-02
"civilian",2013-09-02
"civilian",2013-09-02
"civilian",2013-09-02
"civilian",2013-09-02
"civilian",2013-09-01
"civilian",2013-09-01
"civilian",2013-09-01
"civilian",2013-09-01
"civilian",2013-09-01
"civilian",2013-09-01
"civilian",2013-08-31
"civilian",2013-08-31
"civilian",2013-08-31
"civilian",2013-08-30
"civilian",2013-08-30
"civilian",2013-08-30
"civilian",2013-08-29
"civilian",2013-08-29
"civilian",2013-08-29
"civilian",2013-08-29
"civilian",2013-08-28
"civilian",2013-08-28
"civilian",2013-08-28
"civilian",2013-08-28
"civilian",2013-08-28
"civilian",2013-08-27
"civilian",2013-08-26
"civilian",2013-08-26
"civilian",2013-08-25
"civilian",2013-08-25
"civilian",2013-08-24
"civilian",2013-08-24
"civilian",2013-08-23
"civilian",2013-08-23
"civilian",2013-08-23
"civilian",2013-08-23
"civilian",2013-08-23
"civilian",2013-08-22
"civilian",2013-08-22
"civilian",2013-08-22
"civilian",2013-08-22
"civilian",2013-08-21
"civilian",2013-08-21
"civilian",2013-08-20
"civilian",2013-08-20
"civilian",2013-08-20
"civilian",2013-08-20
"civilian",2013-08-20
"civilian",2013-08-20
"civilian",2013-08-20
"civilian",2013-08-20
"civilian",2013-08-19
"civilian",2013-08-19
"civilian",2013-08-19
"civilian",2013-08-19
"civilian",2013-08-18
"civilian",2013-08-18
"civilian",2013-08-18
"civilian",2013-08-18
"civilian",2013-08-17
"civilian",2013-08-17
"civilian",2013-08-16
"civilian",2013-08-16
"civilian",2013-08-16
"civilian",2013-08-16
"civilian",2013-08-16
"civilian",2013-08-15
"civilian",2013-08-15
"civilian",2013-08-15
"civilian",2013-08-15
"civilian",2013-08-15
"civilian",2013-08-14
"civilian",2013-08-14
"civilian",2013-08-14
"civilian",2013-08-14
"civilian",2013-08-14
"civilian",2013-08-13
"civilian",2013-08-13
"civilian",2013-08-13
"civilian",2013-08-13
"civilian",2013-08-13
"civilian",2013-08-13
"civilian",2013-08-12
"civilian",2013-08-12
"civilian",2013-08-12
"civilian",2013-08-11
"civilian",2013-08-11
"civilian",2013-08-10
"civilian",2013-08-10
"civilian",2013-08-09
"civilian",2013-08-09
"civilian",2013-08-09
"civilian",2013-08-09
"civilian",2013-08-08
"civilian",2013-08-08
"civilian",2013-08-08
"civilian",2013-08-08
"civilian",2013-08-07
"civilian",2013-08-07
"civilian",2013-08-06
"civilian",2013-08-06
"civilian",2013-08-05
"civilian",2013-08-05
"civilian",2013-08-04
"civilian",2013-08-04
"civilian",2013-08-04
"civilian",2013-08-04
"civilian",2013-08-03
"civilian",2013-08-03
"civilian",2013-08-03
"civilian",2013-08-02
"civilian",2013-07-31
"civilian",2013-07-31
"civilian",2013-07-31
"civilian",2013-07-30
"civilian",2013-07-30
"civilian",2013-07-30
"civilian",2013-07-30
"civilian",2013-07-30
"civilian",2013-07-30
"civilian",2013-07-29
"civilian",2013-07-29
"civilian",2013-07-29
"civilian",2013-07-29
"civilian",2013-07-29
"civilian",2013-07-28
"civilian",2013-07-28
"civilian",2013-07-28
"civilian",2013-07-28
"civilian",2013-07-28
"civilian",2013-07-28
"civilian",2013-07-28
"civilian",2013-07-27
"civilian",2013-07-27
"civilian",2013-07-27
"civilian",2013-07-27
"civilian",2013-07-27
"civilian",2013-07-26
"civilian",2013-07-26
"civilian",2013-07-25
"civilian",2013-07-25
"civilian",2013-07-25
"civilian",2013-07-25
"civilian",2013-07-24
"civilian",2013-07-23
"civilian",2013-07-23
"civilian",2013-07-23
"civilian",2013-07-22
"civilian",2013-07-22
"civilian",2013-07-22
"civilian",2013-07-21
"civilian",2013-07-21
"civilian",2013-07-21
"civilian",2013-07-20
"civilian",2013-07-20
"civilian",2013-07-19
"civilian",2013-07-19
"civilian",2013-07-19
"civilian",2013-07-19
"civilian",2013-07-18
"civilian",2013-07-18
"civilian",2013-07-18
"civilian",2013-07-18
"civilian",2013-07-18
"civilian",2013-07-18
"civilian",2013-07-17
"civilian",2013-07-17
"civilian",2013-07-16
"civilian",2013-07-16
"civilian",2013-07-16
"civilian",2013-07-16
"civilian",2013-07-15
"civilian",2013-07-14
"civilian",2013-07-14
"civilian",2013-07-14
"civilian",2013-07-13
"civilian",2013-07-12
"civilian",2013-07-11
"civilian",2013-07-11
"civilian",2013-07-11
"civilian",2013-07-11
"civilian",2013-07-11
"civilian",2013-07-10
"civilian",2013-07-10
"civilian",2013-07-10
"civilian",2013-07-09
"civilian",2013-07-09
"civilian",2013-07-09
"civilian",2013-07-09
"civilian",2013-07-09
"civilian",2013-07-08
"civilian",2013-07-08
"civilian",2013-07-08
"civilian",2013-07-08
"civilian",2013-07-08
"civilian",2013-07-08
"civilian",2013-07-07
"civilian",2013-07-07
"civilian",2013-07-07
"civilian",2013-07-07
"civilian",2013-07-06
"civilian",2013-07-06
"civilian",2013-07-06
"civilian",2013-07-06
"civilian",2013-07-06
"civilian",2013-07-05
"civilian",2013-07-05
"civilian",2013-07-05
"civilian",2013-07-05
"civilian",2013-07-05
"civilian",2013-07-04
"civilian",2013-07-04
"civilian",2013-07-04
"civilian",2013-07-04
"civilian",2013-07-04
"civilian",2013-07-04
"civilian",2013-07-03
"civilian",2013-07-03
"civilian",2013-07-03
"civilian",2013-07-03
"civilian",2013-07-02
"civilian",2013-07-02
"civilian",2013-07-02
"civilian",2013-07-02
"civilian",2013-07-01
"civilian",2013-07-01
"civilian",2013-06-30
"civilian",2013-06-30
"civilian",2013-06-29
"civilian",2013-06-29
"civilian",2013-06-29
"civilian",2013-06-28
"civilian",2013-06-28
"civilian",2013-06-28
"civilian",2013-06-28
"civilian",2013-06-27
"civilian",2013-06-27
"civilian",2013-06-27
"civilian",2013-06-26
"civilian",2013-06-26
"civilian",2013-06-26
"civilian",2013-06-26
"civilian",2013-06-25
"civilian",2013-06-24
"civilian",2013-06-24
"civilian",2013-06-23
"civilian",2013-06-23
"civilian",2013-06-23
"civilian",2013-06-23
"civilian",2013-06-23
"civilian",2013-06-22
"civilian",2013-06-22
"civilian",2013-06-22
"civilian",2013-06-21
"civilian",2013-06-20
"civilian",2013-06-20
"civilian",2013-06-20
"civilian",2013-06-19
"civilian",2013-06-19
"civilian",2013-06-19
"civilian",2013-06-19
"civilian",2013-06-19
"civilian",2013-06-18
"civilian",2013-06-18
"civilian",2013-06-18
"civilian",2013-06-18
"civilian",2013-06-17
"civilian",2013-06-17
"civilian",2013-06-17
"civilian",2013-06-17
"civilian",2013-06-17
"civilian",2013-06-16
"civilian",2013-06-16
"civilian",2013-06-16
"civilian",2013-06-16
"civilian",2013-06-16
"civilian",2013-06-16
"civilian",2013-06-16
"civilian",2013-06-16
"civilian",2013-06-16
"civilian",2013-06-16
"civilian",2013-06-15
"civilian",2013-06-15
"civilian",2013-06-15
"civilian",2013-06-15
"civilian",2013-06-14
"civilian",2013-06-14
"civilian",2013-06-13
"civilian",2013-06-13
"civilian",2013-06-13
"civilian",2013-06-12
"civilian",2013-06-12
"civilian",2013-06-12
"civilian",2013-06-11
"civilian",2013-06-11
"civilian",2013-06-10
"civilian",2013-06-10
"civilian",2013-06-10
"civilian",2013-06-09
"civilian",2013-06-09
"civilian",2013-06-09
"civilian",2013-06-09
"civilian",2013-06-08
"civilian",2013-06-08
"civilian",2013-06-08
"civilian",2013-06-08
"civilian",2013-06-08
"civilian",2013-06-08
"civilian",2013-06-08
"civilian",2013-06-08
"civilian",2013-06-08
"civilian",2013-06-07
"civilian",2013-06-07
"civilian",2013-06-07
"civilian",2013-06-07
"civilian",2013-06-07
"civilian",2013-06-07
"civilian",2013-06-06
"civilian",2013-06-06
"civilian",2013-06-05
"civilian",2013-06-05
"civilian",2013-06-05
"civilian",2013-06-05
"civilian",2013-06-05
"civilian",2013-06-04
"civilian",2013-06-04
"civilian",2013-06-04
"civilian",2013-06-04
"civilian",2013-06-04
"civilian",2013-06-03
"civilian",2013-06-03
"civilian",2013-06-03
"civilian",2013-06-02
"civilian",2013-06-02
"civilian",2013-06-02
"civilian",2013-06-02
"civilian",2013-06-02
"civilian",2013-06-02
"civilian",2013-06-02
"civilian",2013-06-01
"civilian",2013-06-01
"civilian",2013-06-01
"civilian",2013-06-01
"civilian",2013-05-31
"civilian",2013-05-31
"civilian",2013-05-30
"civilian",2013-05-30
"civilian",2013-05-30
"civilian",2013-05-30
"civilian",2013-05-29
"civilian",2013-05-29
"civilian",2013-05-29
"civilian",2013-05-29
"civilian",2013-05-29
"civilian",2013-05-28
"civilian",2013-05-28
"civilian",2013-05-27
"civilian",2013-05-26
"civilian",2013-05-26
"civilian",2013-05-26
"civilian",2013-05-26
"civilian",2013-05-25
"civilian",2013-05-25
"civilian",2013-05-25
"civilian",2013-05-25
"civilian",2013-05-25
"civilian",2013-05-25
"civilian",2013-05-24
"civilian",2013-05-24
"civilian",2013-05-24
"civilian",2013-05-24
"civilian",2013-05-24
"civilian",2013-05-24
"civilian",2013-05-23
"civilian",2013-05-23
"civilian",2013-05-23
"civilian",2013-05-23
"civilian",2013-05-22
"civilian",2013-05-22
"civilian",2013-05-22
"civilian",2013-05-22
"civilian",2013-05-21
"civilian",2013-05-20
"civilian",2013-05-20
"civilian",2013-05-20
"civilian",2013-05-18
"civilian",2013-05-18
"civilian",2013-05-18
"civilian",2013-05-18
"civilian",2013-05-18
"civilian",2013-05-17
"civilian",2013-05-17
"civilian",2013-05-17
"civilian",2013-05-17
"civilian",2013-05-17
"civilian",2013-05-17
"civilian",2013-05-16
"civilian",2013-05-16
"civilian",2013-05-16
"civilian",2013-05-16
"civilian",2013-05-16
"civilian",2013-05-15
"civilian",2013-05-15
"civilian",2013-05-15
"civilian",2013-05-15
"civilian",2013-05-14
"civilian",2013-05-14
"civilian",2013-05-14
"civilian",2013-05-13
"civilian",2013-05-12
"civilian",2013-05-12
"civilian",2013-05-12
"civilian",2013-05-12
"civilian",2013-05-11
"civilian",2013-05-11
"civilian",2013-05-10
"civilian",2013-05-10
"civilian",2013-05-10
"civilian",2013-05-10
"civilian",2013-05-10
"civilian",2013-05-10
"civilian",2013-05-10
"civilian",2013-05-09
"civilian",2013-05-09
"civilian",2013-05-09
"civilian",2013-05-09
"civilian",2013-05-08
"civilian",2013-05-08
"civilian",2013-05-08
"civilian",2013-05-08
"civilian",2013-05-07
"civilian",2013-05-07
"civilian",2013-05-07
"civilian",2013-05-06
"civilian",2013-05-05
"civilian",2013-05-05
"civilian",2013-05-04
"civilian",2013-05-04
"civilian",2013-05-04
"civilian",2013-05-04
"civilian",2013-05-03
"civilian",2013-05-02
"civilian",2013-05-02
"civilian",2013-05-02
"civilian",2013-05-02
"civilian",2013-05-02
"civilian",2013-05-01
"civilian",2013-05-01
"civilian",2013-05-01
"civilian",2013-05-01
"civilian",2013-05-01
"civilian",2013-04-30
"civilian",2013-04-30
"civilian",2013-04-30
"civilian",2013-04-30
"civilian",2013-04-30
"civilian",2013-04-29
"civilian",2013-04-29
"civilian",2013-04-29
"civilian",2013-04-29
"civilian",2013-04-28
"civilian",2013-04-28
"civilian",2013-04-27
"civilian",2013-04-27
"civilian",2013-04-27
"civilian",2013-04-27
"civilian",2013-04-27
"civilian",2013-04-27
"civilian",2013-04-27
"civilian",2013-04-26
"civilian",2013-04-26
"civilian",2013-04-25
"civilian",2013-04-25
"civilian",2013-04-24
"civilian",2013-04-24
"civilian",2013-04-24
"civilian",2013-04-23
"civilian",2013-04-23
"civilian",2013-04-23
"civilian",2013-04-23
"civilian",2013-04-22
"civilian",2013-04-22
"civilian",2013-04-22
"civilian",2013-04-22
"civilian",2013-04-22
"civilian",2013-04-22
"civilian",2013-04-21
"civilian",2013-04-21
"civilian",2013-04-20
"civilian",2013-04-20
"civilian",2013-04-20
"civilian",2013-04-20
"civilian",2013-04-20
"civilian",2013-04-20
"civilian",2013-04-19
"civilian",2013-04-19
"civilian",2013-04-19
"civilian",2013-04-19
"civilian",2013-04-19
"civilian",2013-04-18
"civilian",2013-04-18
"civilian",2013-04-18
"civilian",2013-04-18
"civilian",2013-04-17
"civilian",2013-04-17
"civilian",2013-04-17
"civilian",2013-04-15
"civilian",2013-04-15
"civilian",2013-04-13
"civilian",2013-04-12
"civilian",2013-04-12
"civilian",2013-04-11
"civilian",2013-04-11
"civilian",2013-04-10
"civilian",2013-04-10
"civilian",2013-04-10
"civilian",2013-04-09
"civilian",2013-04-09
"civilian",2013-04-09
"civilian",2013-04-07
"civilian",2013-04-07
"civilian",2013-04-06
"civilian",2013-04-06
"civilian",2013-04-05
"civilian",2013-04-04
"civilian",2013-04-04
"civilian",2013-04-03
"civilian",2013-04-03
"civilian",2013-04-03
"civilian",2013-04-03
"civilian",2013-04-01
"civilian",2013-04-01
"civilian",2013-03-31
"civilian",2013-03-31
"civilian",2013-03-30
"civilian",2013-03-29
"civilian",2013-03-29
"civilian",2013-03-27
"civilian",2013-03-27
"civilian",2013-03-26
"civilian",2013-03-25
"civilian",2013-03-24
"civilian",2013-03-22
"civilian",2013-03-22
"civilian",2013-03-22
"civilian",2013-03-21
"civilian",2013-03-20
"civilian",2013-03-19
"civilian",2013-03-19
"civilian",2013-03-19
"civilian",2013-03-18
"civilian",2013-03-18
"civilian",2013-03-17
"civilian",2013-03-16
"civilian",2013-03-15
"civilian",2013-03-14
"civilian",2013-03-14
"civilian",2013-03-14
"civilian",2013-03-14
"civilian",2013-03-13
"civilian",2013-03-13
"civilian",2013-03-13
"civilian",2013-03-13
"civilian",2013-03-12
"civilian",2013-03-12
"civilian",2013-03-12
"civilian",2013-03-12
"civilian",2013-03-10
"civilian",2013-03-10
"civilian",2013-03-10
"civilian",2013-03-10
"civilian",2013-03-10
"civilian",2013-03-10
"civilian",2013-03-10
"civilian",2013-03-10
"civilian",2013-03-09
"civilian",2013-03-08
"civilian",2013-03-08
"civilian",2013-03-08
"civilian",2013-03-08
"civilian",2013-03-08
"civilian",2013-03-08
"civilian",2013-03-07
"civilian",2013-03-07
"civilian",2013-03-07
"civilian",2013-03-06
"civilian",2013-03-06
"civilian",2013-03-05
"civilian",2013-03-05
"civilian",2013-03-05
"civilian",2013-03-05
"civilian",2013-03-04
"civilian",2013-03-04
"civilian",2013-03-04
"civilian",2013-03-03
"civilian",2013-03-03
"civilian",2013-03-03
"civilian",2013-03-02
"civilian",2013-03-02
"civilian",2013-03-02
"civilian",2013-03-02
"civilian",2013-03-01
"civilian",2013-03-01
"civilian",2013-03-01
"civilian",2013-02-28
"civilian",2013-02-28
"civilian",2013-02-26
"civilian",2013-02-26
"civilian",2013-02-26
"civilian",2013-02-25
"civilian",2013-02-25
"civilian",2013-02-25
"civilian",2013-02-24
"civilian",2013-02-24
"civilian",2013-02-23
"civilian",2013-02-23
"civilian",2013-02-23
"civilian",2013-02-23
"civilian",2013-02-22
"civilian",2013-02-22
"civilian",2013-02-21
"civilian",2013-02-21
"civilian",2013-02-21
"civilian",2013-02-21
"civilian",2013-02-21
"civilian",2013-02-20
"civilian",2013-02-20
"civilian",2013-02-19
"civilian",2013-02-19
"civilian",2013-02-19
"civilian",2013-02-19
"civilian",2013-02-18
"civilian",2013-02-18
"civilian",2013-02-18
"civilian",2013-02-17
"civilian",2013-02-16
"civilian",2013-02-16
"civilian",2013-02-16
"civilian",2013-02-16
"civilian",2013-02-15
"civilian",2013-02-14
"civilian",2013-02-13
"civilian",2013-02-13
"civilian",2013-02-12
"civilian",2013-02-12
"civilian",2013-02-11
"civilian",2013-02-11
"civilian",2013-02-10
"civilian",2013-02-09
"civilian",2013-02-09
"civilian",2013-02-09
"civilian",2013-02-08
"civilian",2013-02-08
"civilian",2013-02-07
"civilian",2013-02-07
"civilian",2013-02-05
"civilian",2013-02-04
"civilian",2013-02-03
"civilian",2013-02-02
"civilian",2013-02-01
"civilian",2013-01-30
"civilian",2013-01-30
"civilian",2013-01-29
"civilian",2013-01-29
"civilian",2013-01-29
"civilian",2013-01-29
"civilian",2013-01-28
"civilian",2013-01-28
"civilian",2013-01-28
"civilian",2013-01-28
"civilian",2013-01-28
"civilian",2013-01-27
"civilian",2013-01-27
"civilian",2013-01-25
"civilian",2013-01-25
"civilian",2013-01-25
"civilian",2013-01-24
"civilian",2013-01-24
"civilian",2013-01-24
"civilian",2013-01-24
"civilian",2013-01-23
"civilian",2013-01-22
"civilian",2013-01-22
"civilian",2013-01-22
"civilian",2013-01-22
"civilian",2013-01-21
"civilian",2013-01-21
"civilian",2013-01-19
"civilian",2013-01-18
"civilian",2013-01-18
"civilian",2013-01-18
"civilian",2013-01-18
"civilian",2013-01-18
"civilian",2013-01-18
"civilian",2013-01-17
"civilian",2013-01-17
"civilian",2013-01-17
"civilian",2013-01-17
"civilian",2013-01-17
"civilian",2013-01-16
"civilian",2013-01-16
"civilian",2013-01-16
"civilian",2013-01-16
"civilian",2013-01-16
"civilian",2013-01-15
"civilian",2013-01-15
"civilian",2013-01-15
"civilian",2013-01-15
"civilian",2013-01-14
"civilian",2013-01-14
"civilian",2013-01-14
"civilian",2013-01-13
"civilian",2013-01-13
"civilian",2013-01-13
"civilian",2013-01-13
"civilian",2013-01-13
"civilian",2013-01-12
"civilian",2013-01-12
"civilian",2013-01-12
"civilian",2013-01-12
"civilian",2013-01-12
"civilian",2013-01-11
"civilian",2013-01-11
"civilian",2013-01-11
"civilian",2013-01-11
"civilian",2013-01-10
"civilian",2013-01-10
"civilian",2013-01-10
"civilian",2013-01-09
"civilian",2013-01-09
"civilian",2013-01-09
"civilian",2013-01-08
"civilian",2013-01-08
"civilian",2013-01-07
"civilian",2013-01-07
"civilian",2013-01-07
"civilian",2013-01-06
"civilian",2013-01-06
"civilian",2013-01-06
"civilian",2013-01-06
"civilian",2013-01-05
"civilian",2013-01-05
"civilian",2013-01-05
"civilian",2013-01-05
"civilian",2013-01-05
"civilian",2013-01-05
"civilian",2013-01-04
"civilian",2013-01-04
"civilian",2013-01-04
"civilian",2013-01-04
"civilian",2013-01-04
"civilian",2013-01-04
"civilian",2013-01-03
"civilian",2013-01-03
"civilian",2013-01-03
"civilian",2013-01-02
"civilian",2013-01-01
"civilian",2013-01-01
"civilian",2013-01-01
"civilian",2013-01-01
"civilian",2013-01-01
"civilian",2013-01-01
"leo",2014-11-26
"leo",2015-08-17
"leo",2014-08-25
"leo",2014-03-10
"leo",2014-04-10
"leo",2013-01-10
"leo",2015-12-28
"leo",2013-04-14
"leo",2015-05-15
"leo",2014-05-28
"leo",2016-04-18
"leo",2014-09-12
"leo",2014-12-29
"leo",2015-02-23
"leo",2016-07-19
"leo",2014-03-05
"leo",2014-12-29
"leo",2014-03-17
"leo",2013-04-09
"leo",2015-11-10
"leo",2014-06-19
"leo",2014-08-23
"leo",2014-07-20
"leo",2015-12-28
"leo",2014-08-28
"leo",2014-11-01
"leo",2013-03-26
"leo",2014-09-12
"leo",2016-01-14
"leo",2014-12-21
"leo",2014-09-07
"leo",2013-10-23
"leo",2016-07-17
"leo",2016-02-24
"leo",2015-04-10
"leo",2013-03-02
"leo",2013-07-30
"leo",2015-11-19
"leo",2013-12-24
"leo",2016-01-20
"leo",2014-02-16
"leo",2013-03-31
"leo",2014-05-21
"leo",2013-01-10
"leo",2015-07-07
"leo",2016-07-18
"leo",2016-07-16
"leo",2015-07-15
"leo",2015-01-14
"leo",2015-01-14
"leo",2016-07-11
"leo",2016-06-08
"leo",2015-09-12
"leo",2015-01-17
"leo",2015-10-28
"leo",2014-09-07
"leo",2013-12-11
"leo",2014-06-23
"leo",2013-10-02
"leo",2013-02-03
"leo",2016-07-17
"leo",2014-04-28
"leo",2016-03-20
"leo",2015-08-15
"leo",2015-08-13
"leo",2014-01-28
"leo",2013-04-20
"leo",2013-08-06
"leo",2014-11-22
"leo",2013-12-18
"leo",2015-08-11
"leo",2013-09-21
"leo",2014-10-24
"leo",2014-11-04
"leo",2015-08-28
"leo",2013-09-11
"leo",2016-06-22
"leo",2014-01-12
"leo",2016-02-08
"leo",2013-04-21
"leo",2015-09-14
"leo",2014-04-02
"leo",2014-07-08
"leo",2015-04-20
"leo",2014-12-07
"leo",2013-04-08
"leo",2014-06-28
"leo",2014-11-23
"leo",2013-08-04
"leo",2014-10-29
"leo",2016-03-12
"leo",2014-12-16
"leo",2014-10-25
"leo",2015-03-10
"leo",2014-02-11
"leo",2013-11-29
"leo",2014-08-14
"leo",2014-09-08
"leo",2016-06-30
"leo",2014-11-02
"leo",2015-05-21
"leo",2014-09-14
"leo",2016-05-31
"leo",2014-04-14
"leo",2013-09-08
"leo",2016-07-04
"leo",2014-01-31
"leo",2015-09-16
"leo",2014-03-19
"leo",2015-01-28
"leo",2015-09-28
"leo",2016-02-10
"leo",2015-09-13
"leo",2013-06-24
"leo",2014-05-21
"leo",2014-01-12
"leo",2013-05-19
"leo",2016-03-01
"leo",2014-04-18
"leo",2015-09-22
"leo",2014-10-28
"leo",2015-03-10
"leo",2015-06-14
"leo",2014-01-14
"leo",2013-05-14
"leo",2016-05-09
"leo",2015-08-06
"leo",2015-05-04
"leo",2013-05-26
"leo",2014-05-11
"leo",2013-05-01
"leo",2014-01-03
"leo",2014-04-09
"leo",2014-04-09
"leo",2013-02-26
"leo",2013-04-04
"leo",2014-08-13
"leo",2013-02-12
"leo",2014-07-22
"leo",2014-04-06
"leo",2014-03-03
"leo",2014-10-24
"leo",2015-05-20
"leo",2014-10-16
"leo",2014-07-13
"leo",2014-10-24
"leo",2015-01-30
"leo",2013-11-28
"leo",2015-05-05
"leo",2014-12-20
"leo",2015-10-20
"leo",2013-05-14
"leo",2014-03-16
"leo",2013-10-19
"leo",2015-05-08
"leo",2015-03-04
"leo",2013-01-21
"leo",2013-01-15
"leo",2014-12-20
"leo",2015-01-21
"leo",2015-06-24
"leo",2013-09-26
"leo",2014-01-21
"leo",2015-08-20
"leo",2015-01-21
"leo",2013-03-19
"leo",2015-08-09
"leo",2016-03-14
"leo",2014-12-30
"leo",2014-10-31
"leo",2015-05-21
"leo",2016-05-05
"leo",2014-11-05
"leo",2013-12-20
"leo",2013-09-17
"leo",2015-10-18
"leo",2013-12-20
"leo",2015-11-23
"leo",2013-12-23
"leo",2013-10-16
"leo",2015-03-05
"leo",2015-05-05
"leo",2015-12-28
"leo",2013-02-26
"leo",2014-08-12
"leo",2015-03-17
"leo",2015-09-10
"leo",2013-06-15
"leo",2013-03-05
"leo",2016-02-11
"leo",2013-04-26
"leo",2015-09-19
"leo",2014-05-09
"leo",2013-03-07
"leo",2014-03-24
"leo",2016-02-27
"leo",2014-02-17
"leo",2013-12-29
"leo",2014-03-12
"leo",2014-02-17
"leo",2016-03-13
"leo",2014-07-05
"leo",2013-05-06
"leo",2015-10-25
"leo",2015-10-06
"leo",2013-04-18
"leo",2014-05-12
"leo",2015-03-18
"leo",2014-03-31
"leo",2015-05-09
"leo",2013-06-22
"leo",2016-03-14
"leo",2015-03-12
"leo",2015-05-24
"leo",2014-07-06
"leo",2015-07-12
"leo",2015-05-09
"leo",2014-10-26
"leo",2015-01-28
"leo",2013-05-02
"leo",2014-09-07
"leo",2013-12-18
"leo",2013-03-19
"leo",2013-11-01
"leo",2014-06-08
"leo",2013-05-24
"leo",2014-10-26
"leo",2015-03-07
"leo",2016-07-07
"leo",2014-05-30
"leo",2013-07-20
"leo",2015-11-05
"leo",2015-03-11
"leo",2016-07-05
"leo",2016-03-26
"leo",2013-10-30
"leo",2014-12-21
"leo",2013-12-22
"leo",2014-07-17
"leo",2015-01-09
"leo",2015-10-29
"leo",2015-03-15
"leo",2013-05-19
"leo",2014-09-03
"leo",2015-06-20
"leo",2015-06-26
"leo",2015-04-04
"leo",2013-07-22
"leo",2014-10-31
"leo",2016-03-01
"leo",2016-05-19
"leo",2014-03-31
"leo",2014-04-10
"leo",2014-03-08
"leo",2013-04-13
"leo",2016-01-17
"leo",2014-10-20
"leo",2016-06-12
"leo",2013-08-11
"leo",2015-05-25
"leo",2014-04-01
"leo",2015-09-30
"leo",2015-08-26
"leo",2014-06-08
"leo",2014-05-24
"leo",2014-12-30
"leo",2013-10-06
"leo",2014-03-17
"leo",2013-09-13
"leo",2015-04-06
"leo",2016-02-11
"leo",2013-05-25
"leo",2014-07-07
"leo",2013-09-21
"leo",2013-08-15
"leo",2014-09-30
"leo",2013-02-16
"leo",2015-12-29
"leo",2015-04-08
"leo",2014-11-16
"leo",2013-01-15
"leo",2014-05-31
"leo",2014-01-23
"leo",2013-04-26
"leo",2015-11-28
"leo",2014-03-14
"leo",2016-07-12
"leo",2014-03-24
"leo",2016-07-17
"leo",2014-05-10
"leo",2014-09-21
"leo",2013-02-07
"leo",2016-06-14
"leo",2015-03-24
"leo",2016-07-07
"leo",2016-06-07
"leo",2015-11-07
"leo",2013-06-08
"leo",2014-05-04
"leo",2013-02-02
"leo",2016-07-07
"leo",2013-10-19
"leo",2014-01-21
"leo",2015-02-12
"leo",2014-09-16
"leo",2015-11-18
"leo",2014-12-14
"leo",2015-05-18
"leo",2015-06-18
"leo",2013-12-20
"leo",2014-03-22
"leo",2014-12-04
"leo",2013-07-14
"leo",2013-09-20
"leo",2013-09-14
"leo",2014-11-14
"leo",2015-01-03
"leo",2016-05-22
"leo",2016-03-04
"leo",2014-06-11
"leo",2014-07-30
"leo",2016-05-19
"leo",2014-12-10
"leo",2014-10-29
"leo",2015-06-19
"leo",2015-11-07
"leo",2014-12-29
"leo",2016-04-12
"leo",2016-03-26
"leo",2015-08-05
"leo",2016-01-17
"leo",2014-12-27
"leo",2016-06-04
"leo",2015-07-17
"leo",2013-06-15
"leo",2013-02-01
"leo",2016-06-15
"leo",2015-11-27
"leo",2013-08-10
"leo",2016-03-13
"leo",2013-08-28
"leo",2014-04-09
"leo",2014-05-03
"leo",2013-07-07
"leo",2015-08-01
"leo",2016-03-18
"leo",2014-03-07
"leo",2015-12-10
"leo",2015-02-14
"leo",2013-02-03
"leo",2016-07-08
"leo",2014-01-27
"leo",2013-11-04
"leo",2016-07-11
"leo",2016-07-07
"leo",2014-09-18
"leo",2016-02-10
"leo",2016-02-10
"leo",2013-02-25
"leo",2015-11-06
"leo",2015-03-19
"leo",2014-11-30
"leo",2013-10-29
"leo",2015-08-24
"leo",2014-11-21
"leo",2014-01-21
"leo",2015-01-26
"leo",2014-01-17
"leo",2014-01-30
"leo",2013-11-10
"leo",2016-07-03
"leo",2014-01-26
"leo",2013-09-01
"leo",2016-06-04
"leo",2013-05-01
"leo",2015-09-17
"leo",2013-01-26
"leo",2013-02-28
"leo",2013-03-25
"leo",2015-05-05
"leo",2015-05-25
"leo",2015-07-14
"leo",2016-02-05
"leo",2014-10-27
"leo",2014-11-19
"leo",2013-08-09
"leo",2016-05-01
"leo",2015-08-14
"leo",2013-12-23
"leo",2015-06-25
"leo",2013-06-29
"leo",2013-07-08
"leo",2013-02-26
"leo",2014-10-09
"leo",2016-07-07
"leo",2013-08-05
"leo",2015-09-07
"leo",2014-08-20
"leo",2014-05-01
"leo",2014-05-30
"leo",2014-08-28
"leo",2015-08-24
"leo",2015-03-05
"leo",2013-12-06
"leo",2013-12-17
"leo",2015-07-22
"leo",2015-01-03
"leo",2013-09-14
"leo",2016-06-19
"leo",2014-10-01
"leo",2015-10-29
"leo",2013-12-19
"leo",2013-05-31
"leo",2015-06-16
"leo",2014-08-12
"leo",2015-12-21
"leo",2015-12-21
"leo",2013-05-17
"leo",2013-06-21
"leo",2015-12-21
"leo",2013-10-06
"leo",2016-02-20
"leo",2015-12-21
"leo",2015-12-21
"leo",2015-12-21
"leo",2016-01-24
"leo",2013-05-17
"leo",2015-03-02
"leo",2014-05-29
"leo",2015-11-20
"leo",2013-11-26
"leo",2014-10-27
"leo",2013-01-22
"leo",2015-05-30
"leo",2015-08-28
"leo",2016-03-31
"leo",2014-05-03
"leo",2014-05-29
"leo",2014-09-30
"leo",2013-12-17
"leo",2015-03-13
"leo",2015-12-17
"leo",2015-06-23
"leo",2014-05-01
"leo",2015-11-15
"leo",2015-08-28
"leo",2013-03-28
"leo",2016-03-26
"leo",2015-09-13
"leo",2015-09-17
"leo",2013-01-25
"leo",2015-01-31
"leo",2013-09-09
"leo",2013-11-20
"leo",2016-03-08
"leo",2013-05-31
"leo",2013-03-30
"leo",2015-05-23
"leo",2016-03-16
"leo",2015-03-24
"leo",2013-08-23
"leo",2013-07-24
"leo",2015-09-21
"leo",2014-01-23
"leo",2013-03-19
"leo",2013-05-31
